tag,n_rows,n_samples,n_projects,n_distinct_values
geo_loc_name,155584,155584,460,454
collection_date,145112,145112,444,7499
lat_lon,126561,126561,393,2906
host,125715,125715,394,204
env_local_scale,94318,94318,290,477
env_broad_scale,94216,94216,291,380
env_medium,90017,90017,280,829
isolation_source,53197,53197,160,1082
sample_name,44598,44598,107,43472
host_subject_id,44591,44591,123,19097
INSDC last update,38853,38853,84,2094
INSDC center name,38853,38853,84,40
INSDC center alias,38853,38853,84,40
INSDC status,38853,38853,84,1
INSDC first public,38853,38853,84,268
Submitter Id,38852,38852,84,37795
External Id,38852,38852,84,38852
ENA-CHECKLIST,36102,36102,79,5
ENA first public,35130,35130,76,78
ENA last update,35130,35130,76,77
sex,24997,24997,62,15
host_age,23854,23854,97,1711
sample_type,20871,20871,43,49
project_name,20681,20681,64,64
age,18942,18942,49,1117
sequencing method,18677,18677,43,18
host_sex,16311,16311,79,7
source_material_id,14937,14937,54,8997
investigation_type,14721,14721,42,3
geographic location (latitude),14627,14627,41,49
geographic location (longitude),14627,14627,41,49
isolate,14559,14559,58,4359
human gut environmental package,12849,12849,32,1
description,12729,12729,27,1393
seq_methods,12664,12664,26,315
sample_title,12552,12552,25,11945
organism,12345,12345,23,3
elev,11446,11446,24,533
longitude,11445,11445,24,284
latitude,11445,11445,24,218
host_body_product,11379,11379,60,34
strain,11184,11184,39,2282
isol_growth_condt,10901,10901,41,371
samp_collect_device,10842,10842,46,43
host_taxid,10038,10038,24,2
host_body_mass_index,9647,9647,48,1983
host_common_name,9410,9410,22,4
tissue,9003,9003,23,17
samp_size,8778,8778,30,239
common name,8645,8645,22,12
samp_store_temp,8343,8343,38,23
body_mass_index,8332,8332,25,3189
sample_id_unique,7812,7812,3,7074
ecotype,7698,7698,27,11
env_package,7203,7203,19,5
ethnicity,7125,7125,40,73
body_product,7010,7010,14,7
body_habitat,6885,6885,12,6
cultivar,6715,6715,23,7
race,6568,6568,7,27
host_disease,6211,6211,43,142
host_tissue_sampled,5899,5899,35,23
altitude,5874,5874,15,378
sample_id,5804,5804,13,5804
chickenpox,5689,5689,2,6
ibd,5689,5689,2,11
csection,5689,5689,2,7
dominant_hand,5689,5689,2,9
diabetes,5678,5678,2,9
group,5464,5464,6,18
samp_mat_process,5340,5340,30,29
pregnant,5294,5294,3,10
assigned_from_geo,5279,5279,12,3
depth,5261,5261,11,1
family_id,5055,5055,4,1531
timepoint,4965,4965,13,35
host_height,4939,4939,24,363
asd,4920,4920,2,9
appendix_removed,4842,4842,1,6
weight_change,4842,4842,1,6
whole_eggs,4842,4842,1,8
whole_grain_frequency,4842,4842,1,8
add_adhd,4842,4842,1,7
alcohol_frequency,4842,4842,1,8
smoking_frequency,4842,4842,1,8
sugar_sweetened_drink_frequency,4842,4842,1,8
sugary_sweets_frequency,4842,4842,1,8
teethbrushing_frequency,4842,4842,1,8
thyroid,4842,4842,1,7
tonsils_removed,4842,4842,1,6
types_of_plants,4842,4842,1,8
vitamin_b_supplement_frequency,4842,4842,1,8
vitamin_d_supplement_frequency,4842,4842,1,8
antibiotic_history,4842,4842,1,8
ready_to_eat_meals_frequency,4842,4842,1,8
red_meat_frequency,4842,4842,1,8
seafood_frequency,4842,4842,1,8
sleep_duration,4842,4842,1,8
sibo,4842,4842,1,7
skin_condition,4842,4842,1,7
country of birth,4842,4842,1,111
deodorant_use,4842,4842,1,7
drinking_water_source,4842,4842,1,8
diet type,4842,4842,1,8
poultry_frequency,4842,4842,1,8
pool_frequency,4842,4842,1,8
one_liter_of_water_a_day_frequency,4842,4842,1,8
olive_oil,4842,4842,1,8
prepared_meals_frequency,4842,4842,1,8
autoimmune,4842,4842,1,7
salted_snacks_frequency,4842,4842,1,8
probiotic_frequency,4842,4842,1,8
consume_animal_products_abx,4842,4842,1,6
contraceptive,4842,4842,1,9
bowel_movement_frequency,4842,4842,1,9
birth year,4842,4842,1,97
fruit_frequency,4842,4842,1,8
fungal_overgrowth,4842,4842,1,7
exercise_frequency,4842,4842,1,8
exercise_location,4842,4842,1,8
fed_as_infant,4842,4842,1,7
gluten,4842,4842,1,7
high_fat_red_meat_frequency,4842,4842,1,8
homecooked_meals_frequency,4842,4842,1,8
last_move,4842,4842,1,8
meat_eggs_frequency,4842,4842,1,8
livingwith,4842,4842,1,6
level_of_education,4842,4842,1,10
milk_cheese_frequency,4842,4842,1,8
flu_vaccine_date,4842,4842,1,8
flossing_frequency,4842,4842,1,8
frozen_dessert_frequency,4842,4842,1,8
cosmetics_frequency,4841,4841,1,8
last_travel,4841,4841,1,8
artificial_sweeteners,4841,4841,1,8
vegetable_frequency,4841,4841,1,8
vivid_dreams,4841,4841,1,8
bowel_movement_quality,4841,4841,1,7
milk_substitute_frequency,4841,4841,1,8
migraine,4841,4841,1,7
ibs,4840,4840,1,7
roommates_in_study,4840,4840,1,6
clinical condition,4840,4840,1,7
height cm,4840,4840,1,277
fermented_plant_frequency,4840,4840,1,8
breastmilk_formula_ensure,4840,4840,1,6
acid_reflux,4840,4840,1,7
age cat,4839,4839,1,12
drinks_per_session,4837,4837,1,12
cancer treatment,4815,4815,1,7
ibd_diagnosis_refined,4811,4811,1,8
family_relationship,4772,4772,5,184
gastrointest_disord,4759,4759,31,39
weight kg,4665,4665,1,529
host_diet,4436,4436,32,334
country_residence,4416,4416,1,55
cardiovascular_disease,4414,4414,2,9
cdiff,4408,4408,1,7
diabetes type,4394,4394,1,6
pool,4349,4349,4,144
replicate,4346,4346,20,1732
diet,4293,4293,11,27
stool_consistency,4093,4093,2,6
human associated environmental package,4065,4065,8,2
age in months,4050,4050,2,108
project title,4050,4050,2,2
patient_id,4009,4009,2,3364
liver_disease,3998,3998,1,7
kidney_disease,3998,3998,1,6
rel_to_oxygen,3949,3949,22,5
plate_location,3941,3941,1,95
pbs_added,3941,3941,1,2
miseq_run,3941,3941,1,14
plate,3941,3941,1,49
sample_aliquot_id,3941,3941,1,3941
physical_specimen_remaining,3836,3836,12,4
empo_1,3835,3835,12,3
empo_3,3835,3835,12,1
empo_2,3835,3835,12,3
ENA-LAST-UPDATE,3812,3812,9,9
ENA-FIRST-PUBLIC,3812,3812,9,9
taxon_id,3722,3722,8,1
"""""""PUBLIC""""""",3722,3722,8,2
anonymized_name,3722,3722,8,2008
env_matter,3722,3722,8,3
anonymized name,3702,3702,9,3609
dna_extracted,3661,3661,12,3
lung disease,3582,3582,1,7
target gene,3569,3569,6,4
epilepsy_or_seizure_disorder,3564,3564,1,7
chem_administration,3434,3434,23,508
economic_region,3419,3419,1,11
age_corrected,3418,3418,1,173
state,3418,3418,1,62
census_region,3418,3418,1,7
bmi_cat,3415,3415,1,7
collection month,3415,3415,1,14
collection season,3415,3415,1,6
Type,3406,3406,1,2
Isolation,3406,3406,1,3406
Time,3406,3406,1,4
common_name,3386,3386,6,1
age years,3369,3369,1,246
sample group,3337,3337,2,10
day,3336,3336,3,126
patientID,3335,3335,2,844
collection time,3250,3250,1,381
biomaterial_provider,3205,3205,16,436
softener,3148,3148,1,5
seasonal_allergies,3148,3148,1,5
dog,3148,3148,1,5
acne medication,3148,3148,1,5
acne_medication_otc,3148,3148,1,5
lactose,3148,3148,1,5
multivitamin,3148,3148,1,5
cat,3147,3147,1,5
nail_biter,3147,3147,1,5
mental_illness,3147,3147,1,5
other_supplement_frequency,3147,3147,1,5
cancer,3147,3147,1,5
pets_other,3146,3146,1,5
alcohol consumption,3144,3144,1,5
bioproject_number,3132,3132,1,1
sequencing site,3065,3065,1,2
sequencing run,3065,3065,1,14
physical_specimen_location,3045,3045,12,10
collection_timestamp,3043,3043,12,900
batch,3006,3006,2,15
misc_param,2977,2977,17,231
bmtday,2964,2964,1,48
PtNumber,2964,2964,1,403
ref_biomaterial,2923,2923,10,7
depression_bipolar_schizophrenia,2891,2891,1,7
infant sex,2889,2889,1,3
infant delivery mode,2889,2889,1,4
nanodrop concentration (ng/ul),2861,2861,1,1583
mental_illness_type_unspecified,2799,2799,1,6
mental_illness_type_bulimia_nervosa,2799,2799,1,6
specialized_diet_other_restrictions_not_described_here,2799,2799,1,6
specialized_diet_unspecified,2799,2799,1,6
mental_illness_type_depression,2799,2799,1,6
specialized_diet_exclude_dairy,2799,2799,1,6
specialized_diet_fodmap,2799,2799,1,6
specialized_diet_i_do_not_eat_a_specialized_diet,2799,2799,1,6
perturbation,2798,2798,14,18
lowgrain_diet_type,2789,2789,1,6
pku,2718,2718,1,6
host_body_habitat,2707,2707,11,3
host_age_units,2700,2700,10,3
samp_store_loc,2663,2663,15,9
samp_vol_we_dna_ext,2644,2644,14,40
mental_illness_type_bipolar_disorder,2612,2612,1,6
mental_illness_type_substance_abuse,2612,2612,1,6
mental_illness_type_anorexia_nervosa,2612,2612,1,6
specialized_diet_exclude_refined_sugars,2612,2612,1,6
specialized_diet_exclude_nightshades,2612,2612,1,6
specialized_diet_modified_paleo_diet,2612,2612,1,6
illumina_technology,2461,2461,5,3
host weight,2389,2389,8,186
alzheimers,2353,2353,1,6
tmp,2343,2343,11,558
collection_date_only,2338,2338,1,645
infant age (weeks),2333,2333,1,10
treatment,2304,2304,14,318
specialized_diet_halaal,2269,2269,1,6
mental_illness_type_schizophrenia,2247,2247,1,6
specialized_diet_kosher,2247,2247,1,6
specialized_diet_raw_food_diet,2182,2182,1,6
samp_store_dur,2155,2155,13,381
subset_healthy,2142,2142,1,4
oxy_stat_samp,2121,2121,14,6
Visit,2111,2111,4,9
age_unit,2107,2107,7,3
subset_age,2073,2073,1,4
host_phenotype,1966,1966,11,23
public,1896,1896,4,3
time_point,1883,1883,5,21
host_body_temp,1878,1878,14,55
host_life_stage,1859,1859,8,5
Replicate,1832,1832,10,378
genotype,1829,1829,3,4
ihmc_medication_code,1829,1829,12,12
individual,1825,1825,3,702
host_family_relationship,1811,1811,13,27
temp,1793,1793,13,67
host_weight_units,1790,1790,7,2
liver_disord,1731,1731,13,10
subset_ibd,1723,1723,1,4
subset_antibiotic_history,1723,1723,1,4
subset_diabetes,1723,1723,1,4
subset_bmi,1723,1723,1,4
randomized_family,1699,1699,1,463
asthma_mother,1692,1692,1,2
host_height_units,1674,1674,6,2
medic_hist_perform,1668,1668,10,6
non_food_allergies_drug_eg_penicillin,1664,1664,1,5
non_food_allergies_beestings,1664,1664,1,5
non_food_allergies_poison_ivyoak,1664,1664,1,5
non_food_allergies_sun,1664,1664,1,5
non_food_allergies_unspecified,1664,1664,1,5
non_food_allergies_pet_dander,1664,1664,1,5
allergic_to_unspecified,1664,1664,1,5
alcohol_types_unspecified,1664,1664,1,5
alcohol_types_white_wine,1664,1664,1,5
allergic to i have no food allergies that i know of,1664,1664,1,5
allergic_to_shellfish,1664,1664,1,5
alcohol_types_beercider,1664,1664,1,5
alcohol_types_red_wine,1664,1664,1,5
alcohol_types_sour_beers,1664,1664,1,5
alcohol_types_spiritshard_alcohol,1664,1664,1,5
Sequencing run,1659,1659,1,5
Reverse read filename,1659,1659,1,1659
Forward read filename,1659,1659,1,1659
ibd diagnosis,1654,1654,1,5
host_pulse,1652,1652,12,42
specialized_diet_paleodiet_or_primal_diet,1647,1647,1,5
mental_illness_type_ptsd_posttraumatic_stress_disorder,1647,1647,1,5
asthma_5yr,1593,1593,1,2
host_last_meal,1576,1576,11,8
BarcodeSequence,1552,1552,2,1043
host_occupation,1541,1541,10,46
sample id,1539,1539,3,1539
taxon id,1539,1539,3,1
env matter,1539,1539,3,1
samp_salinity,1539,1539,9,5
host_tot_mass,1533,1533,10,168
host_genotype,1483,1483,11,21
subject_id,1480,1480,6,1187
allergic_to_peanuts,1477,1477,1,5
allergic_to_tree_nuts,1477,1477,1,5
Patient_ID,1475,1475,4,191
Sample_ID,1461,1461,4,1441
allergic_to_other,1456,1456,1,6
status,1430,1430,4,101
target subfragment,1372,1372,4,4
organism_count,1371,1371,8,5
Time_Point,1326,1326,3,9
propionate,1315,1315,2,1167
acetate,1315,1315,2,1303
butyrate,1315,1315,2,1278
special_diet,1298,1298,7,4
Weight,1268,1268,5,86
subject,1267,1267,8,446
age units,1247,1247,3,1
roommates,1216,1216,1,7
sample_number,1214,1214,4,965
library_ID,1204,1204,2,1204
semester,1201,1201,1,4
supplement,1201,1201,1,4
total SCFA,1201,1201,1,1031
diagnosis,1196,1196,4,13
Height,1194,1194,4,47
Subject,1165,1165,6,138
specialized_diet_westenprice_or_other_lowgrain_low_processed_fo,1156,1156,1,4
PID,1147,1147,1,121
Time_point,1147,1147,1,12
TNO_ID,1147,1147,1,1147
sample_names,1147,1147,1,1147
JMF_sample_ID,1137,1137,5,1137
target_subfragment,1133,1133,4,1
target_gene,1133,1133,4,1
file_prefix,1121,1121,2,1121
covid_worrying,1104,1104,1,7
covid_interest_pleasure,1104,1104,1,7
covid_left_home,1104,1104,1,7
covid_sleep_pattern,1104,1104,1,7
covid_depressed,1104,1104,1,7
covid_anxious,1104,1104,1,7
covid_suspected_positive,1104,1104,1,7
covid_worried_sleep,1103,1103,1,7
covid_level_of_wellbeing,1103,1103,1,8
covid_quality_of_life,1103,1103,1,7
plant_protein_frequency,1097,1097,1,7
beet_frequency,1096,1096,1,7
covid_sleep_interference,1088,1088,1,6
pcr_primers,1066,1066,3,2
Subject ID,1064,1064,2,238
collected_by,1040,1040,7,5
User_sample_ID,1035,1035,4,1035
run,1012,1012,2,7
CVC,1007,1007,2,3
individualid,1005,1005,2,912
zygosity,1005,1005,2,3
ampliconconcentration,1005,1005,2,846
date of birth,1005,1005,2,527
wellinpcrplate,1005,1005,2,96
pcrplate,1005,1005,2,16
sourcesamplebarcode,1005,1005,2,1005
shipmentnumber,1005,1005,2,8
extractedby,1005,1005,2,2
fermented_consumed_sour_creamcreme_fraiche,998,998,1,5
fermented_produce_personal_unspecified,998,998,1,5
fermented_consumed_unspecified,998,998,1,5
number,988,988,1,988
specialized_diet_weston_price_or_other_low_grain_low_processed_food_diet,980,980,1,2
mental_illness_type_ptsd_post_traumatic_stress_disorder,980,980,1,2
health_state,977,977,3,72
Pacific,967,967,3,2
Ethnic,967,967,3,3
Other,967,967,3,3
Native,967,967,3,3
Smoke,967,967,3,3
White,967,967,3,3
Black,967,967,3,3
Asian,967,967,3,3
chimera_check,967,967,3,1
Diabetes_Med,967,967,3,3
lib_const_meth,967,967,3,1
Abx,967,967,3,3
Hx_Fam_CRC,967,967,3,3
NSAID,967,967,3,3
fit_result,967,967,3,168
Diabetic,967,967,3,3
height_units,957,957,2,2
weight_units,957,957,2,2
specialized_diet,946,946,1,3
material_id,946,946,1,946
fermented_produce_commercial_unspecified,944,944,1,4
non_food_allergies,942,942,1,3
allergic_to,942,942,1,3
alcohol_types,942,942,1,3
mental_illness_type,942,942,1,3
age_in_years,933,933,3,212
number of asv-assignable dna reads,928,928,1,908
severely stunted at sampling,928,928,1,2
in subcohort with no diarrhea for 30 days,928,928,1,2
observation period,928,928,1,4
second project title,928,928,1,1
laz at enrollment,928,928,1,176
breastfeeding category,928,928,1,4
born stunted,928,928,1,2
laz at sampling,928,928,1,341
mean daily feeds at breast,928,928,1,892
fecal sample type diarrheal vs normal,928,928,1,2
phylogenetic diversity,928,928,1,903
outlier removed from models,928,928,1,2
simpson's diversity,928,928,1,492
sequence description,928,928,1,1
chao1 index,928,928,1,178
stunted at sampling,928,928,1,2
stunting category,928,928,1,6
laz 3 months after sampling,925,925,1,339
stunted 3 months after sampling,925,925,1,2
burden group for eaec,925,925,1,3
burden group for norovirus,925,925,1,3
burden group for giardia,925,925,1,3
burden group for campylobacter,925,925,1,3
pathogens per month,924,924,1,238
days on antibiotics,923,923,1,112
percentage of surveillance samples positive for pathogens excluding campylobacter,923,923,1,149
pathogens per month excluding campylobacter,923,923,1,212
patient,922,922,3,68
biotic_relationship,919,919,7,3
number of who food groups,918,918,1,8
number of diarrheal episodes,914,914,1,27
laz 1 month after sampling,913,913,1,338
number of campylobacter-negative diarrheal episodes,911,911,1,25
fermented_frequency,905,905,1,8
fermented_increased,905,905,1,8
percentage of surveillance stools positive for campylobacter,901,901,1,90
Hx_Prev,900,900,2,3
seq_qual_check,900,900,2,1
pcr_cond,900,900,2,1
Hx_of_Polyps,900,900,2,3
cancer_stage,900,900,2,5
antibiotics,889,889,2,35
number of campylobacter-positive diarrheal episodes,883,883,1,13
screenPCRresult,876,876,1,4
hospital_stay,876,876,1,103
subject_adm_ID,876,876,1,255
seqID,876,876,1,876
sample_n_from_first_sample,876,876,1,15
systemicabx_admlvl,876,876,1,2
liver_dis,876,876,1,2
immuno_rx,876,876,1,2
indwell_suprapub_cath,876,876,1,2
mod_or_severe_liver_dis,876,876,1,2
max_%OTU3,876,876,1,238
mets_tumor,876,876,1,2
mild_liver_dis,876,876,1,2
gtube,876,876,1,2
MetronidazoleIV,876,876,1,2
MetronidazolePO,876,876,1,2
PO_diet,876,876,1,2
Piper_Tazo,876,876,1,2
VancIV,876,876,1,2
decubitus,876,876,1,2
gi_CA,876,876,1,2
Metronidazole,876,876,1,2
Mech_vent,876,876,1,2
CVA,876,876,1,2
Ampicillin_Sulbactam,876,876,1,2
CHF,876,876,1,2
Charlson_score,876,876,1,11
KPCKp_bacteremia,876,876,1,2
Amox_Clavula,876,876,1,2
%OTU3,876,876,1,715
Carbapenem,876,876,1,2
DM_all,876,876,1,2
HD,876,876,1,3
hisp_eth,865,865,1,3
edu_lev,865,865,1,8
gender_cat,865,865,1,3
race_cat,865,865,1,8
exercise_wk,865,865,1,7
smk_cig,865,865,1,3
mislabeledprobabove0point20,864,864,1,3
mislabeledprobabove0point15,864,864,1,3
ambiguoustimepoint,864,864,1,2
antibiotic_disturbance,864,864,1,2
anytimeseries,864,864,1,2
control,864,864,1,2
idantibioticdisturbance,864,864,1,2
menstruation_disturbance,864,864,1,2
idmenstruationdisturbance,864,864,1,2
mislabeledprobabove0point05,864,864,1,3
mislabeledprobabove0point30,864,864,1,3
mislabeledprobabove0point25,864,864,1,3
primerplate,864,864,1,10
personalidsicknessdisturbance,864,864,1,2
palmtimeseries,864,864,1,1
mislabeledprobabove0point85,864,864,1,3
mislabeledprobabove0point80,864,864,1,3
mislabeledprobabove0point70,864,864,1,3
mislabeledprobabove0point75,864,864,1,3
sampleplate,864,864,1,10
samplemenstruationdisturbance,864,864,1,2
well,864,864,1,93
sickness_disturbance,864,864,1,2
samplesicknessdisturbance,864,864,1,2
sampleantibioticdisturbance,864,864,1,2
guttimeseries,864,864,1,2
foreheadtimeseries,864,864,1,1
mislabeledprobabove0point99,864,864,1,3
mislabeledprobabove0point95,864,864,1,3
mislabeledprobabove0point90,864,864,1,3
mislabeledprobabove0point10,864,864,1,3
mislabeledprobabove0point45,864,864,1,3
mislabeledprobabove0point40,864,864,1,3
mislabeledprobabove0point35,864,864,1,3
type_sample,864,864,1,1
mislabeledprobabove0point65,864,864,1,3
mislabeledprobabove0point60,864,864,1,3
mislabeledprobabove0point55,864,864,1,3
mislabeledprobabove0point50,864,864,1,3
tonguetimeseries,864,864,1,1
weekssincestart,863,863,1,19
startweek,863,863,1,2
stopweek,863,863,1,11
weeknumber,863,863,1,18
totalindividualweeks,863,863,1,11
weekdescription,863,863,1,18
university,863,863,1,3
Study,852,852,2,5
asthma,847,847,1,2
artificialtanning,847,847,1,3
appendix,847,847,1,2
facialcosmetics,847,847,1,5
fabricsoftener,847,847,1,2
exerciseroutine,847,847,1,5
exerciseindoorsoutdoors,847,847,1,6
drugallergies,847,847,1,2
drinkalcohol,847,847,1,5
dogs,847,847,1,2
dailymultivitamin,847,847,1,2
cats,847,847,1,2
campusdining,847,847,1,2
brushteeth,847,847,1,2
bitefingernails,847,847,1,2
beestingallergies,847,847,1,2
lactoseintolerant,847,847,1,2
hoursofsleep,847,847,1,5
weightchanges,847,847,1,3
traveledoutofus,847,847,1,5
tonsils,847,847,1,2
hormonalbirthcontrol,847,847,1,6
greekhouse,847,847,1,2
glutenintolerant,847,847,1,2
fluvaccine,847,847,1,3
flossteeth,847,847,1,5
prescriptionforfacialacne,847,847,1,2
poisonivyoakallergies,847,847,1,2
overthecounterfacialacne,847,847,1,2
othersupplements,847,847,1,25
otherspecialdiet,847,847,1,9
oncampushousing,847,847,1,2
movetocurrentlocation,847,847,1,3
swimmingpoolhottubuse,847,847,1,4
sunallergies,847,847,1,2
smokecigarettes,847,847,1,5
deodorantantiperspirant,846,846,1,6
life_stage,841,841,2,1
sequencing_pool,840,840,1,7
dataset,840,840,1,2
sequencing_lab,840,840,1,2
days since last diarrheal episode,838,838,1,236
skinconditions,838,838,1,6
shannon's diversity,838,838,1,752
mean duration of diarrheal episodes in days,838,838,1,203
otherallergies,837,837,1,3
treenutallergy,837,837,1,2
peanutallergy,837,837,1,1
othermedication,837,837,1,34
shellfishallergy,837,837,1,1
mean severity of diarrheal episodes,836,836,1,180
seasonalallergies,835,835,1,2
roomates,835,835,1,5
raceethnicity,834,834,1,11
fermented_consumed_other,834,834,1,6
observedotus,819,819,1,741
pd,819,819,1,819
shannonevenness,819,819,1,819
sequencecountabove10000,819,819,1,805
percentage of diarrheal samples positive for campylobacter,814,814,1,84
fermented_consumed_beer,813,813,1,6
fermented_consumed_wine,811,811,1,5
fermented_consumed_pickled_vegetables,811,811,1,5
fermented_consumed_mead,811,811,1,5
fermented_produce_personal_kimchi,811,811,1,5
fermented_produce_personal_pickled_vegetables,811,811,1,5
fermented_produce_personal_sauerkraut,811,811,1,5
fermented_consumed_cottage_cheese,811,811,1,5
fermented_consumed_cider,811,811,1,5
fermented_produce_personal_yogurtlassi,811,811,1,5
fermented_consumed_kefir_milk,811,811,1,5
fermented_consumed_kombucha,811,811,1,5
fermented_consumed_fermented_breadsourdoughinjera,811,811,1,5
fermented_consumed_kimchi,811,811,1,5
collectiontime,811,811,2,183
fermented_consumed_fermented_beansmisonatto,811,811,1,5
fermented_produce_personal_wine,811,811,1,5
fermented_produce_personal_sour_creamcreme_fraiche,811,811,1,5
fermented_consumed_yogurtlassi,811,811,1,5
fermented_consumed_tempeh,811,811,1,5
fermented_consumed_sauerkraut,811,811,1,5
fermented_produce_personal_kefir_milk,811,811,1,5
covid_symptoms_cough,805,805,1,3
covid_family_members_put_into_self_quarantine_with_symptoms,805,805,1,3
zipcode,805,805,1,31
covid_happened_to_you_fallen_ill_physically,805,805,1,3
covid_family_members_reduced_ability_to_earn_money,805,805,1,3
covid_symptoms_unspecified,805,805,1,6
covid_symptoms_fever,805,805,1,3
covid_symptoms_chest_pain_or_tightness_in_chest,805,805,1,3
covid_symptoms_sore_throat,805,805,1,3
covid_symptoms_fatigue,805,805,1,3
covid_symptoms_nausea,805,805,1,3
covid_likely_exposure_yes_someone_with_positive_test,805,805,1,3
covid_likely_exposure_yes_someone_with_possible_symptoms_but_no_diagnosis_by_doctor,805,805,1,3
covid_happened_to_you_none_of_the_above,805,805,1,3
covid_symptoms_lack_of_appetitie,805,805,1,3
covid_family_members_put_into_self_quarantine_without_symptoms_eg_due_to_possible_exposure,805,805,1,3
covid_happened_to_you_lost_job,805,805,1,3
covid_happened_to_you_reduced_ability_to_earn_money,805,805,1,3
covid_happened_to_you_put_into_self_quarantine_without_symptoms_eg_due_to_possible_exposure,805,805,1,3
covid_chronic_conditions_seasonal_allergies,805,805,1,3
covid_family_members_none_of_the_above,805,805,1,3
covid_family_members_lost_job,805,805,1,3
covid_likely_exposure_no,805,805,1,3
visit,802,802,1,2
treatmentgroup,802,802,1,2
MiSeqRun,802,802,1,4
LinkerPrimerSequence,800,800,2,3
specialized_diet_paleo_diet_or_primal_diet,793,793,1,2
bz,792,792,1,792
mean duration of campylobacter-negative diarrheal episodes in days,785,785,1,152
previous accession,777,777,1,1
mean severity of campylobacter-negative diarrheal episodes,775,775,1,131
height,772,772,3,229
fermented_produce_personal_kefir_water,757,757,1,5
title,757,757,2,97
fermented_produce_personal_fermented_beansmisonatto,757,757,1,5
fermented_produce_personal_cider,757,757,1,4
fermented_produce_personal_cottage_cheese,757,757,1,5
fermented_consumed_kefir_water,757,757,1,5
fermented_produce_commercial_beer,757,757,1,4
fermented_produce_personal_tempeh,757,757,1,5
fermented_consumed_fermented_tofu,757,757,1,5
fermented_produce_personal_beer,757,757,1,5
fermented_consumed_fermented_fish,757,757,1,5
bmiclass,752,752,1,4
Extraction_Method,750,750,1,1
Date_Extracted,750,750,1,22
ReversePrimer,750,750,1,2
515f_Forward_Primer,750,750,1,2
Forward_Primer_Linker,750,750,1,2
Sample_Weight,750,750,1,87
Target_Collection_Day,750,750,1,16
Timpoint,748,748,2,38
weight,742,742,3,334
school,737,737,1,12
linker_primer_sequence,737,737,1,1
barcode_sequence,737,737,1,516
replicate_number,737,737,1,2
preservation_media,737,737,1,3
sequencing_run_number,737,737,1,2
reverse_primer_sequence,737,737,1,1
env_mattter,726,726,1,1
ok_run,726,726,1,4
covid_difficulty_staying_asleep,721,721,1,6
time,720,720,6,65
Sample Timepoint,717,717,1,18
Reverse sample,717,717,1,717
Forward sample,717,717,1,717
Sample Group,717,717,1,2
antibiotics_before_w24,714,714,1,3
Birthmode,714,714,1,4
breastfeeding_duration,714,714,1,5
sequence_run,714,714,1,6
days_old_at_time_of_sample,714,714,1,91
Infantmet_Subject_ID,714,714,1,197
covid_patient_care_ppe,711,711,1,4
host_weight,707,707,2,53
ordering,700,700,1,700
SubjectID,688,688,3,332
pcr primers,678,678,3,3
covid_patient_care,677,677,1,4
covid_rideshare,677,677,1,4
specialized_diet_westenprice_or_other_lowgrain_low_processed_food_diet,665,665,1,5
platform,661,661,1,1
design_description,661,661,1,1
filename,661,661,1,661
library_selection,661,661,1,1
library_layout,661,661,1,1
library_source,661,661,1,1
instrument_model,661,661,1,1
filetype,661,661,1,1
filename2,661,661,1,661
library_strategy,661,661,1,1
covid_waking_up_early,654,654,1,6
StudyID,626,626,2,626
covid_patient_care_seven_days_confirmed,623,623,1,3
covid_patient_care_seven_days,620,620,1,3
covid_chronic_conditions_hypertension,618,618,1,3
covid_chronic_conditions_asthma_or_other_lung_problems,618,618,1,3
covid_symptoms_loss_of_taste_or_smell,618,618,1,3
covid_symptoms_shortness_of_breath,618,618,1,3
covid_family_members_hospitalized,618,618,1,3
covid_family_members_fallen_ill_physically,618,618,1,3
covid_chronic_conditions_serious_stomach_or_bowel_problems,618,618,1,3
covid_happened_to_you_put_into_self_quarantine_with_symptoms,618,618,1,3
covid_symptoms_diarrhea,618,618,1,3
covid_chronic_conditions_kidney_problems,618,618,1,3
covid_happened_to_you_unspecified,618,618,1,3
covid_chronic_conditions_immune_disorder,618,618,1,3
covid_chronic_conditions_arthritis,618,618,1,3
covid_chronic_conditions_any_autoimmune_disease,618,618,1,3
covid_family_members_unspecified,618,618,1,3
covid_chronic_conditions_heart_problems,618,618,1,3
week,618,618,1,18
activity,618,618,1,5
collection day,611,611,2,350
covid_difficulty_falling_asleep,610,610,1,6
qiita_empo_2,607,607,1,2
qiita_empo_3,607,607,1,2
qiita_empo_1,607,607,1,2
collection_method,595,595,2,2
mean severity of campylobacter-positive diarrheal episodes,595,595,1,63
mean duration of campylobacter-positive diarrheal episodes in days,594,594,1,79
study arm,576,576,2,5
fermented_produce_personal_other,572,572,1,4
covid_symptoms_stay_home,555,555,1,3
fermented_produce_personal_kombucha,549,549,1,5
fermented_produce_personal_fermented_breadsourdoughinjera,549,549,1,5
fermented_consumed_fish_sauce,549,549,1,5
covid_likely_exposure_unspecified,543,543,1,3
covid_chronic_conditions_frequent_or_very_bad_headaches,543,543,1,3
covid_likely_exposure_yes_someone_with_medical_diagnosis_but_no_test,543,543,1,3
type,541,541,2,6
sample origin,541,541,1,3
method,536,536,1,10
age unit,534,534,1,1
disease,533,533,5,11
flxdata_published,529,529,1,2
run_lane,529,529,1,14
newilluminadatagenerated,529,529,1,1
location,526,526,4,10
covid_symptoms_other,525,525,1,3
Birth_length_in_cm,520,520,1,16
Birth_weight_in_g,520,520,1,43
is_twin,520,520,1,2
is_healthy,520,520,1,2
Birth_head_circumference_in_cm,520,520,1,14
Days_in_hospital,520,520,1,38
Biomass_in_g,520,520,1,114
Last_mode_of_ventilation,520,520,1,2
Discharge_or_Death,520,520,1,2
GA,520,520,1,26
has_EOS_neoKISS,519,519,1,2
has_LOS_neoKISS,519,519,1,2
fermented_produce_commercial_other,518,518,1,3
is_deceased,515,515,1,2
Apg10,511,511,1,4
CSI,511,511,1,2
Apg5,511,511,1,5
BPD,511,511,1,2
PDA,511,511,1,2
pPROM,511,511,1,2
m_antibiotics,511,511,1,8
m_number_of_pregnancies,511,511,1,8
m_number_of_given_births,511,511,1,5
culture_pos_LOS,511,511,1,7
Connatal_infection,511,511,1,3
ROP,511,511,1,2
Tokolysis,511,511,1,3
culture_pos_EOS,511,511,1,2
cLOS,511,511,1,2
NEC,511,511,1,2
LM,511,511,1,3
Intrauterine_growth_retardation,511,511,1,2
EOS,511,511,1,2
DM,511,511,1,2
O2_max_at_birth,510,510,1,12
Cohort,505,505,2,7
Neuro_maturity,503,503,1,3
Mode_of_ventilation,503,503,1,5
Days_of_life,503,503,1,107
diabetes_status,501,501,2,9
iFOBT_results,500,500,1,2
fermented_produce_commercial_kefir_milk,495,495,1,4
fermented_produce_personal_mead,495,495,1,4
fermented_produce_commercial_mead,495,495,1,4
fermented_produce_commercial_kefir_water,495,495,1,3
fermented_produce_commercial_kombucha,495,495,1,3
fermented_produce_commercial_kimchi,495,495,1,3
fermented_produce_commercial_sauerkraut,495,495,1,4
fermented_produce_commercial_pickled_vegetables,495,495,1,4
fermented_produce_commercial_sour_creamcreme_fraiche,495,495,1,4
fermented_produce_commercial_chicha,495,495,1,3
fermented_produce_personal_chicha,495,495,1,3
fermented_produce_commercial_fish_sauce,495,495,1,3
fermented_produce_commercial_fermented_tofu,495,495,1,3
fermented_produce_commercial_fermented_fish,495,495,1,3
fermented_produce_commercial_fermented_breadsourdoughinjera,495,495,1,4
fermented_produce_commercial_fermented_beansmisonatto,495,495,1,3
fermented_produce_commercial_cottage_cheese,495,495,1,3
fermented_produce_commercial_cider,495,495,1,4
fermented_consumed_chicha,495,495,1,4
fermented_produce_commercial_yogurtlassi,495,495,1,4
fermented_produce_commercial_wine,495,495,1,4
fermented_produce_commercial_tempeh,495,495,1,3
fermented_produce_personal_fermented_tofu,495,495,1,4
fermented_produce_personal_fermented_fish,495,495,1,3
fermented_produce_personal_fish_sauce,495,495,1,3
Discharge_weight,493,493,1,48
Group,491,491,4,9
reception_date,483,483,1,114
surf_travel_distance,483,483,1,6
surf_shower_frequency,483,483,1,6
surf_sunscreen,483,483,1,7
surf_stance,483,483,1,5
surf_wax,483,483,1,7
surf_travel_frequency,483,483,1,5
surf_frequency,483,483,1,6
surf_board_type,483,483,1,6
surf_local_break,483,483,1,9
surf_sunscreen_frequency,483,483,1,6
surf_loal_break_frequency,483,483,1,6
waist_circumference,481,481,2,164
surf_weetsuit,481,481,1,6
Discharge_head_circumference,479,479,1,21
Discharge_length,479,479,1,19
weeks-since-experiment-start,470,470,1,12
m_CRP,463,463,1,34
m_leukocytes,463,463,1,32
smoking,462,462,2,30
DNA_extraction_batch,459,459,1,21
animal_id,454,454,1,372
experimental_group,454,454,1,5
sample_microbial_density_ug_per_mg,454,454,1,453
sample_mass_mg,454,454,1,451
experimental_timepoint,454,454,1,10
condition_at_sampling,454,454,1,7
fermented_other,451,451,1,33
Fastq_prefix,445,445,1,445
host_Hp-status,445,445,1,2
Colon_Cleanout_Interval,443,443,1,3
Racial_Identities,443,443,1,3
Colon_Cleanout_Date,443,443,1,9
Colon_Cleanout_Relative_Day,443,443,1,221
Event_Code,443,443,1,423
Sampling_Time,443,443,1,3
Antibiotics,439,439,2,5
host_race,432,432,2,7
systolic_pressure,430,430,1,36
mean_blood_pressure,430,430,1,66
bmi_status,430,430,1,3
ppi,430,430,1,2
glucose_0,430,430,1,82
richness,430,430,1,430
pulse_pressure,430,430,1,30
diastolic_pressure,430,430,1,25
metformin,430,430,1,5
bmi_above_27,429,429,1,2
num_risk_factors,429,429,1,11
percent_body_fat,428,428,1,245
glucose_120,425,425,1,173
auc_glucose,424,424,1,353
increment_auc_glucose,424,424,1,330
glucose_60,424,424,1,185
other_animals_free_text,424,424,1,2
fermentation_time,423,423,2,6
sedentary,422,422,1,2
polycystic_ovaries,422,422,1,2
t2d_family_history,422,422,1,2
macrosomic_baby,422,422,1,2
elevated_blood_pressure,422,422,1,2
age_above_45,422,422,1,2
prediabetic,422,422,1,2
sample_ID,422,422,4,284
hypertriglyceridemia,421,421,1,2
triglycerides,421,421,1,193
glucose_90,420,420,1,184
glucose_30,419,419,1,143
dyslipidemia,418,418,1,2
cholesterol,417,417,1,147
hypercholesterolemia,417,417,1,2
acanthosis_nigricans,417,417,1,2
metabolic_phenotype,414,414,1,6
hip_circumference,401,401,1,144
sample index,400,400,1,400
Microbial fraction,400,400,1,3
study_group,387,387,1,2
sample_no,387,387,1,387
group_time,386,386,1,32
hdl_cholesterol,383,383,1,69
Obese,383,383,1,2
SubstanceUse,383,383,1,2
HIV,383,383,1,2
hypo_hdl,383,383,1,2
aliquot,382,382,3,318
fatty_acid_f12091,381,381,1,62
fatty_acid_f120,381,381,1,106
fatty_acid_f100,381,381,1,84
fatty_acid_f160,381,381,1,322
fatty_acid_f16091,381,381,1,329
fatty_acid_f180,381,381,1,290
fatty_acid_f18091,381,381,1,256
fatty_acid_f182,381,381,1,329
fatty_acid_f183,381,381,1,121
fatty_acid_f184,381,381,1,7
fatty_acid_f201,381,381,1,35
fatty_acid_f18391,381,381,1,116
fatty_acid_161,381,381,1,160
fatty_acid_16191,381,381,1,29
fatty_acid_181,381,381,1,353
fatty_acid_cis18191,381,381,1,340
fatty_acid_cis18291,381,381,1,312
fatty_acid_f140,381,381,1,165
fatty_acid_f14091,381,381,1,171
fatty_acid_f205,381,381,1,14
fatty_acid_f204,381,381,1,30
fatty_acid_f20491,381,381,1,23
fatty_acid_f226,381,381,1,30
fatty_acid_f22691,381,381,1,16
fatty_acid_f40,381,381,1,68
fatty_acid_f60,381,381,1,56
snut_grams_carbohydrates,381,381,1,379
snut_grams_ao_fiber,381,381,1,363
snut_grams_cholesterol,381,381,1,376
snut_grams_cellulose,381,381,1,297
snut_grams_engl,381,381,1,356
snut_grams_fat_animal,381,381,1,363
snut_grams_fat_veg,381,381,1,357
snut_grams_fructose,381,381,1,365
snut_grams_hemicellulose,381,381,1,331
snut_grams_glucose,381,381,1,354
fatty_acid_tr18191,381,381,1,189
snut_grams_insoluble_fiber,381,381,1,354
fatty_acid_tr18291,381,381,1,47
snut_grams_lactose,381,381,1,342
snut_grams_protein,381,381,1,373
snut_grams_protein_animal,381,381,1,363
snut_grams_polyunsaturated_fats,381,381,1,340
snut_grams_monounsaturated_fats,381,381,1,359
snut_grams_maltose,381,381,1,213
snut_grams_lignin,381,381,1,197
fatty_acid_f221,381,381,1,10
fatty_acid_f225,381,381,1,6
snut_grams_saturated_fats,381,381,1,355
snut_grams_soluble_fiber,381,381,1,330
fatty_acid_ct18291,381,381,1,79
snut_grams_crude,381,381,1,325
snut_grams_dietary_fiber,381,381,1,361
fatty_acid_f20591,381,381,1,12
fatty_acid_f80,381,381,1,52
snut_mcg_carotene,381,381,1,379
snut_mcg_folate,381,381,1,378
snut_mcg_vitamin_k,381,381,1,364
snut_mcg_retinol,381,381,1,379
snut_mcg_lycopene,381,381,1,286
snut_mcg_vitamin_b12,381,381,1,275
snut_mcg_vitamin_d,381,381,1,374
snut_mg_heme,381,381,1,126
snut_mg_glycolsylated_vitamin_b6,381,381,1,198
snut_mg_magnesium,381,381,1,378
snut_mg_iron,381,381,1,338
snut_mg_manganese,381,381,1,257
snut_mg_niacin,381,381,1,343
snut_mg_phosphorus,381,381,1,379
snut_mg_nitrate,381,381,1,377
snut_mg_vitamin_b1,381,381,1,195
snut_mg_vitamin_b2,381,381,1,203
snut_mg_potassium,381,381,1,379
snut_mg_sodium,381,381,1,379
snut_mg_vitamin_b5,381,381,1,287
snut_grams_starch,381,381,1,374
snut_iu_vitamin_e,381,381,1,313
snut_grams_sucrose,381,381,1,363
snut_mcg_selenium,381,381,1,368
snut_mcg_luts,381,381,1,379
snut_kcal,381,381,1,378
snut_mcg_alpha_carotene,381,381,1,375
snut_mcg_beta_cryptoxanthine,381,381,1,364
snut_mcg_beta_carotene,381,381,1,379
total_fat_smp,381,381,1,365
snut_mg_vitamin_b6,381,381,1,210
snut_ml_alcohol,381,381,1,152
snut_mg_caffeine,381,381,1,364
snut_mg_calcium,381,381,1,379
snut_mg_copper,381,381,1,219
snut_mg_zinc,381,381,1,307
snut_mg_vitamin_e,381,381,1,319
snut_mg_vitamin_c,381,381,1,376
glycemic_index,381,381,1,371
Albumin,379,379,2,39
physical_activity,378,378,1,378
sample,378,378,2,4
sampleID_code,372,372,1,372
sample_code,371,371,2,266
glycemic_load,367,367,1,365
sample_info,363,363,1,363
vldl_cholesterol,362,362,1,62
replication,360,360,1,9
pulse_type,360,360,1,4
microbiome,360,360,1,6
sequencing_run,360,360,1,3
processing_method,360,360,1,3
hyper_ldl,359,359,1,2
ldl_cholesterol,359,359,1,126
covid_chronic_conditions_heart_disease__myocardial_infarction,356,356,1,2
covid_chronic_conditions_cancer,356,356,1,2
covid_chronic_conditions_chronic_obstructive_pulmonary_disease_copd,356,356,1,3
covid_chronic_conditions_congestive_heart_failure,356,356,1,2
covid_chronic_conditions_hiv,356,356,1,2
covid_family_members_passed_away,356,356,1,3
covid_happened_to_you_hospitalized,356,356,1,2
covid_chronic_conditions_epilepsy_or_seizures,356,356,1,2
covid_chronic_conditions_deep_vein_thrombosis,356,356,1,2
covid_chronic_conditions_diabetes_or_high_blood_sugar,356,356,1,3
covid_chronic_conditions_atrial_fibrillation_or_atrial_flutter,356,356,1,2
covid_chronic_conditions_pulmonary_embolism,356,356,1,2
covid_chronic_conditions_unspecified,356,356,1,2
covid_chronic_conditions_stroke,356,356,1,3
covid_chronic_conditions_serious_acne_or_skin_problems,356,356,1,2
Sample_Day,354,354,2,13
insulin_0,353,353,1,276
insulin_resistance_homa,353,353,1,349
beta_cell_function,353,353,1,348
insulin_sensitivity,353,353,1,276
insulin_sensitivity_matsuda,352,352,1,352
beta_cell_function_oral,352,352,1,350
insulin_120,352,352,1,286
increment_auc_insulin,352,352,1,351
auc_insulin,352,352,1,352
insulin_sensitivity_quicki,352,352,1,348
insulin_secretion,351,351,1,351
homa_above_195,351,351,1,2
insulin_90,351,351,1,293
insulin_60,351,351,1,280
insulin_30,351,351,1,300
beta_cell_disposition_index,351,351,1,351
has_depression1,350,350,1,2
has_depression2,350,350,1,2
depression_index2,350,350,1,49
insulogenic_index,349,349,1,349
Sample Number,347,347,1,347
Sequence_type,347,347,1,1
SampleID,347,347,3,347
first_read_file,347,347,2,347
Inflammation status,347,347,1,9
second_read_file,347,347,2,347
HIV_RiskGroup,344,344,1,3
HIV_serostatus,344,344,1,2
host_other_gender,344,344,1,3
host-associated environmental package,343,343,2,1
Biological_Replicate,342,342,1,6
Technical Replicate,342,342,1,3
sampling_order,342,342,2,7
geographic location (region and locality),341,341,1,1
amount or size of sample collected,341,341,1,1
intervention_group,340,340,2,6
waist_hip_ratio,339,339,1,324
num_replicons,339,339,2,2
coprophage,338,338,1,2
weight_cat,338,338,1,2
living_status,338,338,1,2
hours_outside,338,338,1,2
waist_height_ratio,338,338,1,325
zinc group,336,336,1,2
pv3 seroconversion,336,336,1,2
probiotic group,336,336,1,2
rota seroconversion,336,336,1,2
miseq run,336,336,1,2
age (weeks),336,336,1,2
family,335,335,2,93
Tokolysis_days,332,332,1,7
PersonNumber,328,328,1,10
Bread,328,328,1,3
PersonRep,328,328,1,2
ProcessRep,328,328,1,4
Process,328,328,1,6
Days,325,325,1,23
FMT treatment,325,325,1,6
custom_attribute,323,323,1,323
food_special_unspecified,322,322,1,3
food_source_human_food,322,322,1,3
food_source_pet_store_food,322,322,1,3
food_special_organic,322,322,1,3
visceral_fat,322,322,1,26
food_special_grain_free,322,322,1,3
food_source_wild_food,322,322,1,3
food_source_unspecified,322,322,1,3
fat_free_mass,321,321,1,191
muscle_mass,321,321,1,181
fat_mass,321,321,1,209
bone_mass,321,321,1,22
percent_body_water,319,319,1,165
sample_name2,319,319,1,319
sequenced_region,319,319,1,2
extraction_location,319,319,1,3
sequencing_location,319,319,1,3
Timepoint,311,311,1,10
Days_Swab_to_Sepsis,309,309,1,6
Case_Status,309,309,1,2
Index_Swab_Category,309,309,1,3
Sepsis_Type,309,309,1,3
Index.Swab,309,309,1,1
dose 1 rota shedding,306,306,1,2
infantid,303,303,1,8
ph,301,301,2,137
diet_last_six_month,300,300,2,3
Creatinine,300,300,2,53
tube_id,297,297,2,294
abdominal_circumference,292,292,1,132
host disease status,289,289,2,3
Fat,288,288,2,42
depression_index1,287,287,1,46
person_id,280,280,1,140
control/intervention,280,280,1,2
sample #,280,280,1,280
age group (months),280,280,1,2
vreswabpositive,279,279,1,3
roomnumber,279,279,1,35
Day,279,279,2,72
icuadmitdate,279,279,1,148
datesampled,279,279,1,147
icutimepatient,279,279,1,200
obesity_status,278,278,1,2
pcr_primer,278,278,1,1
asthma_status,278,278,1,2
human donor,272,272,1,231
microbiota donor dietary practice,272,272,1,2
Biological_sample,270,270,1,6
abx_3_mo,269,269,1,2
viral_load,269,269,1,74
cd4_T_cells_per_uL,269,269,1,233
audit_total,269,269,1,34
setting,269,269,1,2
animal type,266,266,1,2
animal age,266,266,1,2
toilet_water_access,266,266,1,2
case_control,266,266,2,4
animal_origin,266,266,1,2
parkinson,266,266,1,2
animal_gender,266,266,1,2
food type,266,266,1,2
animal_free_text,266,266,1,2
survey_id,264,264,1,229
alias,263,263,2,263
administration-mode,262,262,1,2
Ileal_biofilm_status,262,262,1,2
Colonic_biofilm_status,262,262,1,2
initial-donor-id,262,262,1,5
most-recent-donor-id,262,262,1,8
maintenance-donor-id,262,262,1,2
HIV_Profile,262,262,1,8
host_age_at_week_0,262,262,1,17
BBPS,262,262,1,4
Adenoma_detected_during_colonocsopy,262,262,1,3
Antibiotic_treatment_last_three_years,262,262,1,3
Biofilm_status,262,262,1,2
Disease_classification,262,262,1,8
bmi_corrected,260,260,1,173
PCR_human_papilloma_virus,260,260,1,2
experimental group,258,258,1,3
PatientGroup,258,258,1,3
Age_years,258,258,1,47
Immunocompromised,258,258,1,2
swabnum,258,258,1,3
subjectID,258,258,1,109
host_allergy,257,257,1,2
PGA,256,256,1,3
host_deposition_frequency_per_day,256,256,1,4
marital_status,255,255,1,6
Sample_number,255,255,1,255
alcoholism_index,253,253,1,69
host_abdominal_transit_alterations,252,252,1,2
Kp,248,248,1,2
VRE,248,248,1,2
swab_status,248,248,1,4
donor bmi category,246,246,1,5
Age_Months,246,246,1,19
Treatment_Group,246,246,1,3
geo: loc: name,246,246,1,1
donor dietary practice,246,246,1,2
donor age in years,245,245,1,44
Ratio_parenteral,244,244,1,81
Ratio_enteral,244,244,1,81
Parenteral_Energy,244,244,1,207
Parenteral_Protein,244,244,1,26
Parenteral_Carbohydrate,244,244,1,159
Enteral_Carbohydrate,244,244,1,182
Enteral_Energy,244,244,1,203
Enteral_Fat,244,244,1,185
Enteral_Protein,244,244,1,187
Parental_Fat,244,244,1,17
host_Residency_Area,243,243,1,3
Sample_Prefix,241,241,3,241
HCV_coinfection,240,240,1,2
per protocol,240,240,1,2
study day,240,240,1,2
education,240,240,1,4
opv response,240,240,1,2
non-intervention antibiotics (days 0 to 14),240,240,1,2
non-intervention antibiotics (pre-enrolment),240,240,1,2
infant age (months),240,240,1,62
read_2,239,239,1,239
read_1,239,239,1,239
Anal_cytology,239,239,1,4
reads_16s,238,238,1,237
host_sexual_orientation,238,238,1,2
patient_pub,235,235,1,14
storage,235,235,1,2
time point,234,234,2,10
Daily_Feeding,231,231,1,5
Daily_Antibiotic_Use,231,231,1,28
Days_after_birth,231,231,1,69
Birth_Mode,231,231,1,2
Gestational_Age,231,231,1,2
LAB48_CREAT_PEAK,230,230,1,39
CDI_cultivation_results,230,230,1,5
rel_day_from_initial_sample,230,230,1,76
patient_group,230,230,1,3
prior_CDI_history,230,230,1,2
abx_prior,230,230,1,3
PPI_history,230,230,1,3
LAB48_WBC_PEAK,230,230,1,125
Abdominal.pain.y.n,230,230,1,3
IBD_history,230,230,1,3
imaging.abnormal.y.n,230,230,1,3
severeidsa,230,230,1,3
CDI_clinical_result_for_sample,230,230,1,3
sample_status,230,230,1,5
tot_mass,229,229,2,71
size_frac,228,228,2,1
disease_stage,227,227,1,45
Syphilis_serology,227,227,1,2
sampleid,227,227,1,227
collection timepoint,224,224,1,6
participant_id,224,224,1,49
experimental_factor,224,224,1,1
end_intervention,224,224,1,16
days_study,224,224,1,47
start_intervention,224,224,1,16
nucleic acid amplification,224,224,1,1
carbon,222,222,1,16
qrs_length,222,222,1,46
pr_interval,222,222,1,52
qtc_length,222,222,1,98
Individual,222,222,1,222
rv5_sv1_index,222,222,1,119
heart_rate,222,222,1,47
drug_usage,221,221,2,67
technical_replicate,221,221,1,3
qrs_axis,221,221,1,220
days_past_fmt,220,220,1,79
HBV_coinfection,218,218,1,2
reads_mgx,214,214,1,214
metabolomic_sample_underwent_24h_thaw,213,213,1,2
PCR_Neisseria_gonorrhoeae,213,213,1,1
yob,213,213,1,153
transferred_into_glycerol,213,213,1,2
patient number,213,213,1,170
subjectid,213,213,1,154
final_metabolomics_weight,213,213,1,184
aliquoted_for_genomics,213,213,1,3
original_metabolomics_weight,213,213,1,175
raw_metadata_line,213,213,1,179
proteome_id,213,213,1,202
genomic_sample_underwent_24h_thaw,213,213,1,2
first_patient_metadata_line,213,213,1,154
found_in_proteome_aliquot_list,213,213,1,1
patient id,213,213,1,171
most_recent_metadata_line_match,213,213,1,179
realiquoted_for_metabolomics_or_genomics,213,213,1,4
PCR_Chlamydia_trachomatis,211,211,1,2
Antibiotic.Name,211,211,1,14
Antibiotic.Taken....3.Months.,211,211,1,3
Ever.diagnosed.with.Clostridium.Difficle,211,211,1,4
Immunosuppressant....1.Month.,211,211,1,3
Probiotics.Taken....1.Month.,211,211,1,3
NSAIDs....1.Month.,211,211,1,4
readcoverage_batcha,210,210,1,207
readcoverage_batchb,210,210,1,123
reversefastq,210,210,1,210
shannon_batcha,210,210,1,198
al_qpcr_result,210,210,1,39
any_3we_batchb,210,210,1,3
chao1_batcha,210,210,1,208
chao1_batchb,210,210,1,123
codedatecollected,210,210,1,39
entaboebabaseline_plus1,210,210,1,30
entamoebaefficacy_plus1,210,210,1,6
entamoebafollowup_plus1,210,210,1,24
forwardfastq,210,210,1,210
HIV_viral_load,210,210,1,114
un_3mo_batchb,210,210,1,3
d_0__bacteria_d_1__firmicutes_d_2__clostridia_d_3__clostridiales,210,210,1,123
d_0__bacteria_d_1__proteobacteria_d_2__gammaproteobacteria_d_3__enterobacteriales,210,210,1,104
sth__pre_batcha,210,210,1,3
sth_pre_batchb,210,210,1,3
hw_3mo_batchb,210,210,1,3
na_pre_batcha,210,210,1,3
na_pre_batchb,210,210,1,3
na_qpcr_result,210,210,1,38
plate_within_batcha,210,210,1,3
stage,210,210,1,3
sth_3mo_batchb,210,210,1,3
sth_3we_batchb,210,210,1,3
un_3we_batchb,210,210,1,3
shannon_batchb,210,210,1,123
al_pre_batchb,210,210,1,3
al_pre_batcha,210,210,1,3
al_3mo_batchb,210,210,1,3
Carbohydrate,208,208,2,49
procedure_date,208,208,1,133
FecalAmount,208,208,1,4
blood,203,203,1,164
Subject Number,203,203,1,41
host_birthweight (grams),203,203,1,30
CD4+_Tcell_counts,203,203,1,164
Day_of_cycle,202,202,1,28
Diet_carbohydrates_in_percent,202,202,1,15
CHC_usage,202,202,1,2
Diet_protein_in_percent,202,202,1,15
Diet_fat_in_percent,202,202,1,15
Incubation Time,202,202,1,4
Concentration of feces (mg ml-1),202,202,1,9
mat,200,200,1,2
sample.id,200,200,1,200
lung/pulmonary disorder,199,199,2,2
human vaginal environmental package,199,199,1,1
GSRS,196,196,1,28
GSRSdiff,196,196,1,33
diagnosis date,194,194,1,124
age_at__diagnosis,194,194,1,50
pouch,192,192,1,3
donor family relationship,192,192,1,2
donor_ID,192,192,1,3
donor family,192,192,1,78
samp_store,192,192,1,4
hospitalizations,192,192,1,30
Age_at_sampling,191,191,1,6
Childno,191,191,1,32
Diarrhoea,191,191,1,3
DaysSinceDiarrhoea,191,191,1,20
Travelling,191,191,1,3
Sampletime,191,191,1,6
Outside_Scand.,191,191,1,3
stools_before_dx,191,191,1,14
Diarrhoea finish,191,191,1,38
Diarrhoea after sampling,191,191,1,3
Diarrhoea start,191,191,1,37
ibd_history,188,188,1,26
Type_of_twin,186,186,1,1
subject id,184,184,1,143
sequencing_status,184,184,1,21
sampled_site,184,184,1,8
Mesalamine_administration,184,184,1,4
Mesalamine_concentration,184,184,1,125
Hour_collected,184,184,1,10
otherinfo,183,183,1,21
glycated_haemoglobin,182,182,1,112
Twins,179,179,1,9
occupation,179,179,2,21
rv5_index,178,178,1,46
titration,178,178,1,10
PCR_well,178,178,1,95
PCR_plate,178,178,1,2
sv1_index,178,178,1,45
pm_shared_pcp_changes_what_referral_to_a_specialist_eg_gastroenterologist,176,176,1,1
pm_health,176,176,1,1
pm_shared_pcp_changes_what_ordered_additional_labs_tests_or_procedures,176,176,1,1
pm_shared_pcp_changes_what_other,176,176,1,1
pm_education,176,176,1,1
pm_shared_who_posteddiscussed_on_social_networking_site_ie_facebook,176,176,1,1
pm_concern,176,176,1,1
pm_gastro_problems_gastrointestinal_cancer,176,176,1,1
pm_gender,176,176,1,1
pm_shared_who_primary_care_physician,176,176,1,1
pm_gastro_problems_i_have_had_surgery_on_my_intestines,176,176,1,1
pm_gastro_problems_unspecified,176,176,1,1
pm_lifestyle_change,176,176,1,1
external_sample_id,176,176,1,176
pm_lifestyle_change_how_change_in_alcohol_or_tobacco_use_ie_starting_stopping_or_changing_amount_consumed,176,176,1,1
pm_shared_pcp_changes_what_change_in_behaviorallifestyle_recommendations_eg_start_probiotic,176,176,1,1
pm_participation_reason_professional_interest_in_the_microbiome,176,176,1,1
pm_participation_reason_the_study_seemed_fun_and_entertaining,176,176,1,1
pm_participation_reason_unspecified,176,176,1,1
pm_shared_pcp_changes_what_change_in_medication_ie_starting_stopping_or_changing_the_dose_of_a_prescription,176,176,1,1
pm_participation_reason_i_have_gastrointestinal_problems,176,176,1,1
pm_participation_reason_general_curiosityinterest_in_learning_about_my_microbiome,176,176,1,1
pm_participation_reason_i_have_other_microbiomerelevant_health_problems,176,176,1,1
pm_age,176,176,1,1
pm_lifestyle_change_how_unspecified,176,176,1,1
pm_lifestyle_change_how_other,176,176,1,1
pm_lifestyle_change_how_change_in_physical_environment_ie_adopting_or_getting_rid_of_a_pet_cleaning_more_or_less_often,176,176,1,1
pm_lifestyle_change_how_change_in_use_of_nutritional_supplements_or_vitamins,176,176,1,1
pm_name,176,176,1,1
pm_participation_reason,176,176,1,1
pm_lifestyle_change_how_change_in_exercise,176,176,1,1
pm_participation_reason_desire_to_improve_my_health,176,176,1,1
pm_shared_who_friends,176,176,1,1
pm_shared_who_nutritionistdietician,176,176,1,1
pm_participation_reason_other,176,176,1,1
pm_participation_reason_people_in_my_family_or_social_network_have_done_it,176,176,1,1
pm_shared_who_family_members,176,176,1,1
pm_shared_who_specialty_physician_eg_gastroenterologist,176,176,1,1
pm_gastro_problems_other,176,176,1,1
pm_gastro_problems_irritable_bowel_syndrome_ibs,176,176,1,1
pm_gastro_problems_frequent_more_than_once_a_week_diarrhea,176,176,1,1
pm_lifestyle_change_how,176,176,1,1
pm_shared_who_unspecified,176,176,1,1
pm_understand_results,176,176,1,1
pm_shared_pcp_changes_what_unspecified,176,176,1,1
pm_gastro_problems_frequent_more_than_once_a_week_constipation,176,176,1,1
pm_useful,176,176,1,1
pm_participation_reason_interest_in_contributing_to_science,176,176,1,1
pm_shared_who_other_medical_or_health_professional,176,176,1,1
pm_shared_who_posteddiscussed_on_an_online_patienthealth_platform_ie_patientslikeme,176,176,1,1
pm_shared_who_posteddiscussed_on_data_sharing_platform_ie_open_humans,176,176,1,1
pm_shared_who_other,176,176,1,1
pm_recontact,176,176,1,1
pm_shared_pcp_changes_what,176,176,1,1
pm_shared_pcp_changes,176,176,1,1
pm_shared_pcp,176,176,1,1
pm_gastro_problems_crohns_disease_or_ulcerative_colitis,176,176,1,1
pm_gastro_problems,176,176,1,1
pm_experience_worth_it,176,176,1,1
pm_lifestyle_change_how_change_in_diet_ie_taking_a_probiotic,176,176,1,1
pm_shared,176,176,1,1
pm_shared_who,176,176,1,1
pm_email,176,176,1,1
pm_shared_who_colleagues,176,176,1,1
pm_ethnicity,176,176,1,1
pets_other_freetext,175,175,1,1
case_control_group,174,174,1,73
grams_sugar,172,172,1,150
grams_monounsatutared_fats,172,172,1,134
grams_carbohydrates,172,172,1,164
grams_saturated_fat,172,172,1,123
grams_protein,172,172,1,157
kcal,172,172,1,167
id,172,172,1,172
experiment,172,172,2,115
grams_lipids,172,172,1,166
grams_polyunsaturated_fats,172,172,1,97
abdominal complaints,170,170,1,2
colonization with extended-spectrum cephalosporin resistant enterobacteriaceae,170,170,1,2
travel to south and southeast asia,170,170,1,2
antibiotic intake,170,170,1,2
agegroup,169,169,1,3
WBC,169,169,1,115
Study_Period,169,169,1,3
Platelets,169,169,1,133
Shannon,169,169,1,162
Study_Day,169,169,1,5
CO2,169,169,1,30
pet_farm_animal,169,169,1,2
Dominance,169,169,1,162
Bilateral_Infiltrate,169,169,1,4
HGB,169,169,1,64
BUN,169,169,1,64
role,169,169,1,3
days_with_diarrhea,166,166,1,9
days_with_fever,166,166,1,10
pi_name,166,166,1,1
weight_for_height_zscore,166,166,1,142
weight_for_age_zscore,166,166,1,121
mid_upper_arm_circumference,166,166,1,44
age_months,166,166,1,77
days_with_cough,166,166,1,8
not_inflamed_tissue,166,166,1,27
village,166,166,1,5
days_with_vomiting,166,166,1,6
height_for_age_zscore,166,166,1,135
date_of_birth,166,166,1,162
age_at_sample,165,165,1,162
PTPN22_genotype,164,164,1,2
IFIH1_genotype,164,164,1,3
INS_genotype,163,163,1,3
weight_loss_3_month,162,162,1,2
Local Environmental Context,161,161,1,1
Sex of Host,161,161,1,2
Treatment 2,161,161,1,2
Age of Host,161,161,1,25
Race of host,161,161,1,3
Treatment 1,161,161,1,2
host_weight (kg),160,160,1,91
host_height (cm),160,160,1,121
Day_when_weaned,160,160,1,20
donor twin type,160,160,1,3
Birth_weight (kg),160,160,1,19
host_age (in days),160,160,1,102
DQB1al2,159,159,1,12
DQA1al2,159,159,1,6
DQB1al1,159,159,1,11
DQA1al1,159,159,1,5
unique_smple_id,158,158,1,158
cohort,158,158,2,10
ml_soda,157,157,1,21
mg_vitamin_b6,157,157,1,110
mg_calcium,157,157,1,151
mg_vitamin_b5,157,157,1,139
mcg_vitamin_b12,157,157,1,131
mcg_vitamin_a,157,157,1,153
grams_fiber,157,157,1,124
grams_cholesterol,157,157,1,131
mg_vitamin_b2,157,157,1,109
mg_iron,157,157,1,151
mg_vitamin_c,157,157,1,153
mg_phosphorus,157,157,1,151
mg_niacin,157,157,1,152
mg_vitamin_b1,157,157,1,109
mcg_selenium,157,157,1,74
mg_sodium,157,157,1,154
mg_potassium,157,157,1,153
mcg_folic_acid,157,157,1,150
mg_zinc,157,157,1,81
mg_magnesium,157,157,1,129
ml_liquids,157,157,1,152
mg_vitamin_e,156,156,1,137
Leukocytes,156,156,1,71
type_sequence,150,150,1,2
category,150,150,1,3
CS,146,146,1,4
Active.EE..hours.,146,146,1,16
PAE.Norm..kJ.day.,146,146,1,26
Meat,146,146,1,5
Active.EE..kJ.,146,146,1,25
Imputed.Weight..kg.,146,146,1,93
M.smithii,146,146,1,20
Milk,146,146,1,3
PAE..kJ.,146,146,1,26
DIT..kcal.day.,146,146,1,23
Active.EE..kcal.,146,146,1,25
Lymphocytes,146,146,1,34
Height..cm.,146,146,1,2
Energy.Intake..kcal.day.,146,146,1,14
ITS..Fungi.,146,146,1,26
Imputed.BMI,146,146,1,57
Fruit,146,146,1,4
X16S,146,146,1,20
Energy.Content..cal.g.,146,146,1,26
Vegetables,146,146,1,2
Starch,146,146,1,7
PAE.Time..hours.,146,146,1,19
REE..kcal.day.,146,146,1,22
Weight..kg.,146,146,1,75
PAE.Norm..kcal.day.,146,146,1,26
steroids,145,145,1,109
read_depth,144,144,1,144
nutrition_sodium,143,143,1,140
nutrition_calcium,143,143,1,140
nutrition_sugar,143,143,1,139
nutrition_satfat,143,143,1,140
nutrition_cholesterol,143,143,1,137
nutrition_carb,143,143,1,140
nutrition_calorie,143,143,1,140
nutrition_fat,143,143,1,140
nutrition_protein,143,143,1,140
nutrition_fiber,143,143,1,139
Fiber,142,142,1,17
Calories,142,142,1,48
Protein,142,142,1,36
Status,142,142,1,2
CH4,142,142,1,35
biologic_therapy,141,141,1,107
Colonic_Transit,139,139,1,47
cdai,134,134,1,56
Intervention,134,134,1,2
NumberVentilatorFreeDays,133,133,1,27
OneYearSurvival,133,133,1,2
OneMonthSurvival,133,133,1,2
omics_observ_id,133,133,2,2
ARDS,133,133,1,2
Shock,133,133,1,2
SeqRun,133,133,1,4
Severe,133,133,1,2
DiedInHospital,133,133,1,2
NumberDeathFreeDays,133,133,1,46
NumberICUFreeDays,133,133,1,25
Sample,133,133,1,103
SIRS,133,133,1,2
APACHE,133,133,1,29
Sepsis,133,133,1,2
cefazolin,131,131,1,2
G.tube,131,131,1,2
Decub,131,131,1,2
Gut_anaerobes,131,131,1,2
GERD,131,131,1,2
Antibiotic_all,131,131,1,2
voriconazole,131,131,1,2
Condom_cath,131,131,1,2
vancomycin_PO,131,131,1,2
linezolid,131,131,1,2
meropenem,131,131,1,2
metronidazole,131,131,1,2
micafungin,131,131,1,2
pathogen_isolated,131,131,1,2
Charlson_calc,131,131,1,11
ses_cd_total_score,131,131,1,25
levofloxacin,131,131,1,2
po_intake,131,131,1,2
piperacillin_tazobactam,131,131,1,2
penicillin_g_potassium,131,131,1,2
rifampin,131,131,1,2
sampleID,131,131,1,131
sulfamethoxazole_trimethoprim,131,131,1,2
tigecycline,131,131,1,2
vancomycin_IV,131,131,1,2
cefepime,131,131,1,2
ceftriaxone,131,131,1,2
cephalexin,131,131,1,2
ciprofloxacin,131,131,1,2
clarithromycin,131,131,1,2
clindamycin,131,131,1,2
colistin,131,131,1,2
cre_status,131,131,1,2
doxycycline,131,131,1,2
fluconazole,131,131,1,2
gastritis,131,131,1,2
gentamicin,131,131,1,2
hiv_stat,131,131,1,2
High_biliary,131,131,1,2
High_stool,131,131,1,2
IBD,131,131,1,1
Indwelling_urinary_cath,131,131,1,2
TPN,131,131,1,2
WBC_count,131,131,1,86
amikacin,131,131,1,2
amoxicillin_clavulanate,131,131,1,2
ampicillin,131,131,1,2
ampicillin_sulbactam,131,131,1,2
aztreonam,131,131,1,2
trichuriseggs,130,130,1,43
Donor,130,130,1,2
Run_or_Study,130,130,1,2
Plate,130,130,1,2
comparison_group,130,130,1,4
column_header,130,130,1,1
ascariseggs,130,130,1,16
parasitemia_p_vivax,130,130,1,47
indigenous,130,130,1,2
other_plate_location,130,130,1,130
Binding_fraction,130,130,1,4
hookwormeggs,130,130,1,14
Tech_replicate,130,130,1,4
Ab_clone,130,130,1,32
transverse_examined_accessed_resected_or_inaccessible,130,130,1,4
left_colon_examined_accessed_resected_or_inaccessible,130,130,1,3
rectum_examined_accessed_resected_or_inaccessible,130,130,1,3
ileum_examined_accessed_resected_or_inaccessible,130,130,1,3
right_colon_examined_accessed_resected_or_inaccessible,130,130,1,4
IBS_SSS,128,128,1,18
Bristol,128,128,1,6
presence_and_type_of_narrowings_sub_score,128,128,1,7
extent_of_affected_surface_sub_score,128,128,1,12
H,127,127,1,43
extent_of_ulcerated_surface_sub_total,127,127,1,11
asa,127,127,1,102
label,125,125,2,10
presence_and_size_of_ulcers_ses_cd_rectum,124,124,1,5
presence_and_size_of_ulcers_ses_cd_left_colon,122,122,1,5
extent_of_ulcerated_surface_rectum,122,122,1,5
presence_and_type_of_narrowings_left_colon,120,120,1,4
extent_of_ulcerated_surface_left_colon,120,120,1,5
extent_of_affected_surface_left_colon,120,120,1,5
Daily_Calcium_intake_mg/day_based_on_DHQII,119,119,1,30
lab_info_date,118,118,1,78
e.limosum,117,117,1,3
retentiontime,117,117,1,3
fermenation,117,117,1,3
lactate,117,117,1,3
p.avidum,117,117,1,3
presence_and_size_of_ulcers_sescd_transverse,117,117,1,5
visit_number,116,116,1,2
group_ID,116,116,1,116
study_arm,116,116,1,3
race2,116,116,1,4
hispanic_latino,116,116,1,2
reactor,115,115,1,7
sample numbers,115,115,1,115
proband,115,115,1,59
mcv_um3,115,115,1,70
presence_and_size_of_ulcers_ses_cd_ileum,115,115,1,5
intervention,115,115,1,3
plt_1000_mm3,115,115,1,76
extent_of_ulcerated_surface_transverse_colon,115,115,1,5
inflamed_tissue,114,114,1,26
Phase_of_cycle,114,114,1,2
totalBCFA,114,114,1,114
idinfant,114,114,1,3
presence_and_size_of_ulcers_ses_cd_right_colon,113,113,1,5
extent_of_ulcerated_surface_ileum,113,113,1,5
extent_of_affected_surface_ileum,113,113,1,5
hrs_after_initial_sampling,112,112,1,4
DNAtemplate_forPCR,112,112,1,2
extent_of_ulcerated_surface_right_colon,111,111,1,4
presence_and_type_of_narrowings_right_colon,111,111,1,3
extent_of_affected_surface_right_colon,111,111,1,5
presence_and_size_of_ulcers_ses_cd_sub_total,111,111,1,10
AntibioticsAdministered,110,110,1,8
UnderlyingDisease,110,110,1,4
pid,110,110,1,33
fever,110,110,1,2
Fluoroquinolone,110,110,1,3
ConditioningIntensity,110,110,1,2
MajorInfection,110,110,1,2
juj,109,109,1,87
ju,109,109,1,36
ART_status_at_baseline,109,109,1,3
host_group,109,109,1,2
behavior,108,108,1,11
lymph_prcntg,108,108,1,38
Marital_status,107,107,1,4
disease_activity,107,107,1,4
Unique identifier,106,106,1,106
ART_drugs_current,106,106,1,5
Education,105,105,1,5
tag,104,104,1,104
extent_of_affected_surface_rectum,103,103,1,4
birthweight,103,103,1,26
host_day_of_life,103,103,1,96
presence_and_type_of_narrowings_rectum,103,103,1,3
sequence_description,101,101,1,101
AIS SCORE,100,100,1,3
Center,100,100,1,10
AGE_067,100,100,1,41
IL8_zscore,100,100,1,60
Freezer Section,100,100,1,2
M_Key,100,100,1,100
M_DateReceived,100,100,1,48
M_DateProcessed,100,100,1,45
IL6_zscore,100,100,1,60
Neurological_L,100,100,1,3
subject_ID,100,100,1,100
presence_and_type_of_narrowings_ileum,99,99,1,4
CARS,99,99,1,42
ABCdiff,99,99,1,28
ABC,99,99,1,42
CARSdiff,99,99,1,27
HIV_risk_exposure,98,98,1,3
SRA accession,97,97,2,97
Stress,96,96,1,2
wbc_1000_mm3,96,96,1,55
presence_and_type_of_narrowings_transverse,96,96,1,3
extent_of_affected_surface_transverse_colon,96,96,1,4
PPITreatment,96,96,1,2
Animal,96,96,1,24
Biological replicate,96,96,1,2
sample_detail,96,96,1,16
allergic_or_nonallergic,93,93,1,2
months_to_endpoint(autoimmunity),92,92,1,77
match_group_id,92,92,1,18
indiv_id,92,92,1,36
vioscreen_weight,90,90,1,2
shannon's  diversity,90,90,1,89
vioscreen_alphacar,90,90,1,2
vioscreen_alcohol_servings,90,90,1,2
vioscreen_alcohol,90,90,1,2
vioscreen_alanine,90,90,1,2
vioscreen_age,90,90,1,2
vioscreen_v_potato,90,90,1,2
vioscreen_v_other,90,90,1,2
vioscreen_v_orange,90,90,1,2
vioscreen_v_drkgr,90,90,1,2
vioscreen_user_id,90,90,1,2
vioscreen_clac9t11,90,90,1,2
vioscreen_choline,90,90,1,2
vioscreen_cholest,90,90,1,2
vioscreen_carbo,90,90,1,2
vioscreen_calories,90,90,1,2
vioscreen_calcium_servings,90,90,1,2
vioscreen_calcium_from_dairy_servings,90,90,1,2
vioscreen_calcium_freq,90,90,1,2
vioscreen_calcium_dose,90,90,1,2
vioscreen_calcium_avg,90,90,1,2
vioscreen_avcarb,90,90,1,2
vioscreen_aspartic,90,90,1,2
vioscreen_aspartam,90,90,1,2
vioscreen_ash,90,90,1,2
vioscreen_arginine,90,90,1,2
vioscreen_alphtoco,90,90,1,2
vioscreen_email,90,90,1,2
vioscreen_eer,90,90,1,2
vioscreen_dob,90,90,1,2
vioscreen_discfat_sol,90,90,1,2
vioscreen_discfat_oil,90,90,1,2
vioscreen_delttoco,90,90,1,2
vioscreen_database,90,90,1,2
vioscreen_daidzein,90,90,1,2
vioscreen_d_yogurt,90,90,1,2
vioscreen_d_total,90,90,1,2
vioscreen_d_milk,90,90,1,2
vioscreen_d_cheese,90,90,1,2
vioscreen_cystine,90,90,1,2
vioscreen_coumest,90,90,1,2
vioscreen_copper,90,90,1,2
vioscreen_clat10c12,90,90,1,2
vioscreen_fol_syn,90,90,1,2
vioscreen_fol_nat,90,90,1,2
vioscreen_fol_deqv,90,90,1,2
vioscreen_fish_servings,90,90,1,2
vioscreen_finished,90,90,1,2
vioscreen_fibinso,90,90,1,2
vioscreen_fibh2o,90,90,1,2
vioscreen_fiber,90,90,1,2
vioscreen_fat,90,90,1,2
vioscreen_f_total,90,90,1,2
vioscreen_f_nj_total,90,90,1,2
vioscreen_f_nj_other,90,90,1,2
vioscreen_f_nj_citmlb,90,90,1,2
vioscreen_f_citmlb,90,90,1,2
vioscreen_erythr,90,90,1,2
vioscreen_glycine,90,90,1,2
vioscreen_glutamic,90,90,1,2
vioscreen_glucose,90,90,1,2
vioscreen_gltc,90,90,1,2
vioscreen_glac,90,90,1,2
vioscreen_genistn,90,90,1,2
vioscreen_gender,90,90,1,2
vioscreen_gammtoco,90,90,1,2
vioscreen_galactos,90,90,1,2
vioscreen_g_whl,90,90,1,2
vioscreen_d_tot_soym,90,90,1,2
vioscreen_frtsumm,90,90,1,2
vioscreen_frt5_day,90,90,1,2
vioscreen_fried_food_servings,90,90,1,2
vioscreen_fried_fish_servings,90,90,1,2
vioscreen_formontn,90,90,1,2
vioscreen_hei_drk_g_org_veg_leg,90,90,1,2
vioscreen_hei2010_whole_grains,90,90,1,2
vioscreen_hei2010_whole_fruit,90,90,1,2
vioscreen_hei2010_veg,90,90,1,2
vioscreen_hei2010_sodium,90,90,1,2
vioscreen_hei2010_sea_foods_plant_protiens,90,90,1,2
vioscreen_hei2010_score,90,90,1,2
vioscreen_hei2010_refined_grains,90,90,1,2
vioscreen_hei2010_protien_foods,90,90,1,2
vioscreen_hei2010_greens_beans,90,90,1,2
vioscreen_f_other,90,90,1,2
vioscreen_grams,90,90,1,2
vioscreen_glycitn,90,90,1,2
vioscreen_isomalt,90,90,1,2
vioscreen_isoleuc,90,90,1,2
vioscreen_iron,90,90,1,2
vioscreen_inositol,90,90,1,2
vioscreen_histidin,90,90,1,2
vioscreen_height,90,90,1,2
vioscreen_hei_whl_grains,90,90,1,2
vioscreen_hei_veg,90,90,1,2
vioscreen_g_total,90,90,1,2
vioscreen_g_nwhl,90,90,1,2
vioscreen_fruit_servings,90,90,1,2
vioscreen_fructose,90,90,1,2
vioscreen_hei_grains,90,90,1,2
vioscreen_hei_fruit,90,90,1,2
vioscreen_hei_non_juice_frt,90,90,1,2
vioscreen_hei_milk,90,90,1,2
vioscreen_hei_meat_beans,90,90,1,2
vioscreen_m_meat,90,90,1,2
vioscreen_m_frank,90,90,1,2
vioscreen_m_fish_lo,90,90,1,2
vioscreen_m_fish_hi,90,90,1,2
vioscreen_m_egg,90,90,1,2
vioscreen_lysine,90,90,1,2
vioscreen_lycopene,90,90,1,2
vioscreen_lutzeax,90,90,1,2
vioscreen_hei2010_fruit,90,90,1,2
vioscreen_hei2010_fatty_acids,90,90,1,2
vioscreen_hei2010_empty_calories,90,90,1,2
vioscreen_hei2010_dairy,90,90,1,2
vioscreen_lactitol,90,90,1,2
vioscreen_juice_servings,90,90,1,2
vioscreen_joules,90,90,1,2
depression_severity_PROMIS,90,90,1,26
vioscreen_mfa201,90,90,1,2
vioscreen_mfa181,90,90,1,2
vioscreen_mfa161,90,90,1,2
vioscreen_mfa141,90,90,1,2
vioscreen_methion,90,90,1,2
vioscreen_hei_sol_fat_alc_add_sug,90,90,1,2
vioscreen_hei_sodium,90,90,1,2
vioscreen_hei_score,90,90,1,2
vioscreen_hei_sat_fat,90,90,1,2
vioscreen_hei_oils,90,90,1,2
vioscreen_magnes,90,90,1,2
vioscreen_m_soy,90,90,1,2
vioscreen_m_poult,90,90,1,2
vioscreen_m_organ,90,90,1,2
vioscreen_m_nutsd,90,90,1,2
vioscreen_m_mpf,90,90,1,2
vioscreen_oxalic,90,90,1,2
vioscreen_omega3,90,90,1,2
vioscreen_nutrient_recommendation,90,90,1,2
vioscreen_non_fried_fish_servings,90,90,1,2
vioscreen_nitrogen,90,90,1,2
vioscreen_low_fat_dairy_serving,90,90,1,2
vioscreen_line_gi,90,90,1,2
vioscreen_leucine,90,90,1,2
vioscreen_legumes,90,90,1,2
vioscreen_lactose,90,90,1,2
vioscreen_multivitamin_freq,90,90,1,2
vioscreen_multivitamin,90,90,1,2
vioscreen_multi_calcium_dose,90,90,1,2
vioscreen_multi_calcium_avg,90,90,1,2
vioscreen_mfatot,90,90,1,2
vioscreen_mfa221,90,90,1,2
vioscreen_potass,90,90,1,2
vioscreen_pinitol,90,90,1,2
vioscreen_phytic,90,90,1,2
vioscreen_phosphor,90,90,1,2
vioscreen_phenylal,90,90,1,2
vioscreen_methhis3,90,90,1,2
vioscreen_mannitol,90,90,1,2
vioscreen_mangan,90,90,1,2
vioscreen_maltose,90,90,1,2
vioscreen_maltitol,90,90,1,2
vioscreen_pfa184,90,90,1,2
vioscreen_pfa183,90,90,1,2
vioscreen_pfa182,90,90,1,2
vioscreen_pectins,90,90,1,2
vioscreen_pantothe,90,90,1,2
vioscreen_oxalicm,90,90,1,2
vioscreen_scfv,90,90,1,2
vioscreen_scf,90,90,1,2
vioscreen_satoco,90,90,1,2
vioscreen_salad_vegetable_servings,90,90,1,2
vioscreen_sacchar,90,90,1,2
vioscreen_niacineq,90,90,1,2
vioscreen_niacin,90,90,1,2
vioscreen_nccglgr,90,90,1,2
vioscreen_nccglbr,90,90,1,2
vioscreen_natoco,90,90,1,2
vioscreen_protveg,90,90,1,2
vioscreen_protocol,90,90,1,2
vioscreen_protein,90,90,1,2
vioscreen_protanim,90,90,1,2
vioscreen_proline,90,90,1,2
vioscreen_procdate,90,90,1,2
vioscreen_sorbitol,90,90,1,2
vioscreen_sodium,90,90,1,2
vioscreen_sfatot,90,90,1,2
vioscreen_sfa80,90,90,1,2
vioscreen_sfa60,90,90,1,2
vioscreen_pfatot,90,90,1,2
vioscreen_pfa226,90,90,1,2
vioscreen_pfa225,90,90,1,2
vioscreen_pfa205,90,90,1,2
vioscreen_pfa204,90,90,1,2
vioscreen_sfa160,90,90,1,2
vioscreen_sfa140,90,90,1,2
vioscreen_sfa120,90,90,1,2
vioscreen_sfa100,90,90,1,2
vioscreen_serine,90,90,1,2
vioscreen_selenium,90,90,1,2
vioscreen_time,90,90,1,2
vioscreen_threonin,90,90,1,2
vioscreen_thiamin,90,90,1,2
vioscreen_tgrain,90,90,1,2
vioscreen_tfa182t,90,90,1,2
vioscreen_ribofla,90,90,1,2
vioscreen_rgrain,90,90,1,2
vioscreen_retinol,90,90,1,2
vioscreen_recno,90,90,1,2
vioscreen_questionnaire,90,90,1,2
vioscreen_sucrlose,90,90,1,2
vioscreen_sucpoly,90,90,1,2
vioscreen_subject_id,90,90,1,2
vioscreen_started,90,90,1,2
vioscreen_starch,90,90,1,2
vioscreen_srvid,90,90,1,2
vioscreen_veg5_day,90,90,1,2
vioscreen_valine,90,90,1,2
vioscreen_v_total,90,90,1,2
vioscreen_v_tomato,90,90,1,2
vioscreen_v_starcy,90,90,1,2
vioscreen_sfa40,90,90,1,2
vioscreen_sfa220,90,90,1,2
vioscreen_sfa200,90,90,1,2
vioscreen_sfa180,90,90,1,2
vioscreen_sfa170,90,90,1,2
vioscreen_tyrosine,90,90,1,2
vioscreen_tryptoph,90,90,1,2
vioscreen_totsugar,90,90,1,2
vioscreen_totfolat,90,90,1,2
vioscreen_totcla,90,90,1,2
vioscreen_totaltfa,90,90,1,2
vioscreen_water,90,90,1,2
vioscreen_vitk,90,90,1,2
vioscreen_vite_iu,90,90,1,2
vioscreen_vitd_iu,90,90,1,2
vioscreen_vitd3,90,90,1,2
vioscreen_tfa181t,90,90,1,2
vioscreen_tfa161t,90,90,1,2
vioscreen_tagatose,90,90,1,2
vioscreen_sweet_servings,90,90,1,2
vioscreen_sucrose,90,90,1,2
vioscreen_adsugtot,90,90,1,2
vioscreen_addsugar,90,90,1,2
vioscreen_add_sug,90,90,1,2
vioscreen_activity_level,90,90,1,2
vioscreen_acesupot,90,90,1,2
vioscreen_a_cal,90,90,1,2
vioscreen_a_bev,90,90,1,2
vioscreen_calcium,90,90,1,2
vioscreen_caffeine,90,90,1,2
vioscreen_bmi,90,90,1,2
vioscreen_biochana,90,90,1,2
vioscreen_betatoco,90,90,1,2
vioscreen_betaine,90,90,1,2
vioscreen_betacryp,90,90,1,2
vioscreen_betacar,90,90,1,2
vioscreen_bcodeid,90,90,1,2
vioscreen_alphtoce,90,90,1,2
vioscreen_vitd2,90,90,1,2
vioscreen_vitd,90,90,1,2
vioscreen_vitc,90,90,1,2
vioscreen_vitb6,90,90,1,2
vioscreen_vitb12,90,90,1,2
vioscreen_vita_re,90,90,1,2
vioscreen_vita_rae,90,90,1,2
vioscreen_vita_iu,90,90,1,2
vioscreen_visit,90,90,1,2
vioscreen_vegsumm,90,90,1,2
vioscreen_vegetable_servings,90,90,1,2
vioscreen_zinc,90,90,1,2
vioscreen_xylitol,90,90,1,2
vioscreen_whole_grain_servings,90,90,1,2
vioscreen_wgrain,90,90,1,2
humans_free_text,89,89,1,1
CHC_or_placebo_pill,88,88,1,2
other_nonbiologic_therapy,88,88,1,69
alb_g_per_dl,87,87,1,17
crp_mg_dl,86,86,1,31
mayo_endo,86,86,1,5
partial_mayo,85,85,1,18
Total_OTU R1,85,85,1,66
Total 16S amplified (ng),85,85,1,82
Sequence Pool,85,85,1,2
Sample Replicate,85,85,1,2
Rxn Vol  (uL),85,85,1,2
Rxn Conditiond,85,85,1,2
Bacteria_OTU R2,85,85,1,43
Total_OTU R2,85,85,1,55
Bacteria_OTU R1,85,85,1,66
Qualified_paired_Read,85,85,1,83
Patient Id,85,85,1,1
PCR plate,85,85,1,4
Original_paired_Read,85,85,1,85
NGS Project Id,85,85,1,1
Median_length(R1 / R2),85,85,1,15
Extraction method,85,85,1,2
DNA input 16S RXN (ng),85,85,1,13
Barcode Sequence,85,85,1,85
time (s),85,85,1,1
speed,85,85,1,1
Trimmomatic_read(R1 / R2),85,85,1,83
Trimmomatic_read R2,85,85,1,85
Trimmomatic_read R1,85,85,1,85
response,85,85,1,2
SDS,84,84,1,29
HAM_A,84,84,1,24
HADS_total,84,84,1,26
HAM_D,84,84,1,22
HADS_A,84,84,1,16
SAS,84,84,1,30
HAM_mean,84,84,1,34
HADS_D,84,84,1,14
stool_freq,84,84,1,10
uceis,84,84,1,9
sample_area,84,84,1,1
volume_ml,84,84,1,7
volume_ml2,84,84,1,4
host_hip_circumference,84,84,1,52
host_waist_circumference,84,84,1,56
host_mass,84,84,1,76
collection_type,84,84,1,3
preservation method,84,84,1,2
rectal_bleeding,83,83,1,6
sample_attribute,83,83,1,83
pga,83,83,1,5
organism_isolated,82,82,1,7
days_adm_to_swab,82,82,1,19
CULTURE_SOURCE,82,82,1,9
ADOS,82,82,1,11
ATEC,82,82,1,35
abx,82,82,1,2
StdADOS,82,82,1,10
GI score,82,82,1,10
PDDBI,82,82,1,36
host_country_of_origin,82,82,1,29
ADOS_module,82,82,1,5
cephalosporin,82,82,1,2
central_line,82,82,1,2
pressors,82,82,1,2
case,82,82,1,2
albumin_baseline,82,82,1,30
aza,81,81,1,65
16sDNA_copies_per_ng,81,81,1,79
sample_category,80,80,1,2
sequencing_type,80,80,1,1
rural_urban_status,80,80,1,2
anxiety_index2,79,79,1,26
anxiety_index1,79,79,1,23
Group1,79,79,1,79
depression_status,79,79,1,4
depression_level,79,79,1,29
historical_disease_extent,79,79,1,6
Experimental Conditions,79,79,1,3
sample_title:sample_name,79,79,1,79
rRNA removal,79,79,1,1
Euk mRNA removal,79,79,1,1
individual_sample,78,78,1,5
analyis,78,78,1,2
alt_elev,78,78,1,1
location_of_dna_extraction,78,78,1,2
sample number,78,78,1,78
Z.scoreBMI,78,78,1,71
calcium,78,78,1,29
carbohydrates,78,78,1,27
iron,78,78,1,28
fiber,78,78,1,12
fat,78,78,1,26
asd_numeric,78,78,1,2
source material identifier,76,76,1,76
TimePoint,76,76,1,2
Storage_type,76,76,1,2
age in years,76,76,1,11
stress_level,75,75,1,20
sample_identifier,75,75,1,75
host_age (months),75,75,1,10
study_id,75,75,1,38
Age (weeks),75,75,1,51
stress_status,75,75,1,3
HAEC,75,75,1,2
Body weight (kg),75,75,1,30
Caesarean Birth,75,75,1,2
EBF,75,75,1,2
chemotherapy_type,74,74,1,13
Site,74,74,1,2
new_metabolomics_weight,73,73,1,57
extrachrom_elements,73,73,1,1
phenotype,73,73,1,1
breed,73,73,1,1
loose_stool,73,73,1,7
new_genomics_aliquot,73,73,1,2
trophic_level,73,73,1,1
subspecf_gen_lin,73,73,1,1
pulse,73,73,1,1
constipation,73,73,1,8
last_meal,73,73,1,1
LDH_in_U_per_L,72,72,1,51
bloating,72,72,1,7
FE_in_ug_per_dL,72,72,1,54
abdominal_pain,72,72,1,7
RETI_in_G_per_L,72,72,1,69
HGB_in_g_per_dL,72,72,1,31
FERR_in_ug_per_L,72,72,1,63
HAPTO_in_mg_per_dL,72,72,1,64
CRP_in_mg_per_dL,72,72,1,24
RETIR_percentage,72,72,1,55
STFR_in_mg_per_L,72,72,1,47
gi_symptoms,72,72,1,3
COER_in_mg_per_dL,72,72,1,59
KREA_in_mg_per_dL,72,72,1,36
RBC_in_T_per_L,72,72,1,10
WBC_in_G_per_L,72,72,1,66
TRF_in_mg_per_dL,72,72,1,59
seqdepth,71,71,1,71
shannonh,71,71,1,65
condition,71,71,1,5
chao1,71,71,1,57
observed,71,71,1,50
Saturated_fat_intake,71,71,1,2
iga_sort,71,71,1,5
invsimp,71,71,1,65
id-sample,71,71,1,71
study_subject,71,71,1,24
dmm-ass,71,71,1,3
cakequan,70,70,1,2
ricefreq,70,70,1,6
ricequan,70,70,1,3
saladdressingfreq,70,70,1,5
salsafreq,70,70,1,6
saltysnacksfreq,70,70,1,7
saltysnacksquan,70,70,1,3
slurpeefreq,70,70,1,4
anyfishfreq,70,70,1,4
bananasquan,70,70,1,3
applespearsquan,70,70,1,3
asian,70,70,1,2
baconfreq,70,70,1,5
barsfreq,70,70,1,5
bananasfreq,70,70,1,6
beanspeasfreq,70,70,1,6
barsquan,70,70,1,3
beefquan,70,70,1,2
biscuitsfreq,70,70,1,5
beanspeasquan,70,70,1,2
burgerquan,70,70,1,3
broccoliquan,70,70,1,3
burgerfreq,70,70,1,4
candyfreq,70,70,1,7
candyquan,70,70,1,3
cannedfruitfreq,70,70,1,6
cannedfruitquan,70,70,1,2
carrotsfreq,70,70,1,7
burgertype,70,70,1,3
cakefreq,70,70,1,4
beeffreq,70,70,1,3
blackafrican,70,70,1,2
biscuitsquan,70,70,1,3
hamburgerhelperquan,70,70,1,2
hamfreq,70,70,1,7
cheesequan,70,70,1,3
chocmilkfreq,70,70,1,7
chocmilkquan,70,70,1,3
chocolatecandyfreq,70,70,1,6
chocolatecandyquan,70,70,1,2
coldcerealcode,70,70,1,4
vitaminpilldaysamount,70,70,1,4
vitaminregularuse,70,70,1,3
white,70,70,1,2
whitebreadfreq,70,70,1,7
whitebreadquan,70,70,1,3
whitepotatoesfreq,70,70,1,3
whitepotatoesquan,70,70,1,3
wholewheatbreadfreq,70,70,1,7
wholewheatbreadquan,70,70,1,3
fermented_produce_commercial,70,70,1,2
fermented_produce_personal,70,70,1,2
cookedcerealquan,70,70,1,2
cookiesfreq,70,70,1,5
cookiesquan,70,70,1,3
cornfreq,70,70,1,4
cornquan,70,70,1,2
crackersfreq,70,70,1,7
crackersquan,70,70,1,3
carrotsquan,70,70,1,2
cheesefreq,70,70,1,7
anyfishquan,70,70,1,3
cheesedishfreq,70,70,1,6
broccolifreq,70,70,1,5
cheesedishquan,70,70,1,3
refriedbeansquan,70,70,1,2
applespearsfreq,70,70,1,6
hicfreq,70,70,1,2
heightinches,70,70,1,13
hawaiianpunchfreq,70,70,1,4
hamquan,70,70,1,3
hawaiianpunchquan,70,70,1,3
heightfeet,70,70,1,4
otherethnicity,70,70,1,2
hicquan,70,70,1,2
hispanic,70,70,1,2
EOS_in_G_per_L,70,70,1,6
greensfreq,70,70,1,5
hamburgerhelperfreq,70,70,1,2
greensquan,70,70,1,2
BASO_in_G_per_L,70,70,1,2
eggsquan,70,70,1,3
eggsfreq,70,70,1,6
doughnutsquan,70,70,1,3
doughnutsfreq,70,70,1,3
diet_questionnaire_date,70,70,1,47
margarinequan,70,70,1,3
margarinefreq,70,70,1,7
jellyfreq,70,70,1,6
icecreamquan,70,70,1,1
cookedcerealfreq,70,70,1,5
coldcerealquan,70,70,1,2
coldcerealfreq,70,70,1,6
hotdogfreq,70,70,1,5
greensaladquan,70,70,1,2
greensaladfreq,70,70,1,6
friedchickenfreq,70,70,1,5
orangejuicefreq,70,70,1,6
orangejuicequan,70,70,1,2
orangesfreq,70,70,1,4
orangesquan,70,70,1,3
hotpocketfreq,70,70,1,2
hotdogquan,70,70,1,3
pintobeansquan,70,70,1,3
icecreamfreq,70,70,1,5
mayofreq,70,70,1,5
milkoncerealfreq,70,70,1,7
pizzafreq,70,70,1,7
pizzaquan,70,70,1,3
nachosfreq,70,70,1,4
nachosquan,70,70,1,3
notfriedchickenfreq,70,70,1,5
nativeindian,70,70,1,2
otherfruitfreq,70,70,1,6
otherfruitquan,70,70,1,3
notfriedchickenquan,70,70,1,3
nutsfreq,70,70,1,7
friedchickenquan,70,70,1,3
friesfreq,70,70,1,5
friesquan,70,70,1,3
sodaamount,70,70,1,3
refriedbeansfreq,70,70,1,5
reducedfatmilkquan,70,70,1,3
softdrinksfreq,70,70,1,4
nutsquan,70,70,1,2
otherveggiesfreq,70,70,1,7
othersoupquan,70,70,1,2
pancakefreq,70,70,1,6
pancakequan,70,70,1,3
veggiesoupquan,70,70,1,2
porkfreq,70,70,1,3
porkquan,70,70,1,3
reducedfatmilkfreq,70,70,1,6
MONO_in_G_per_L,70,70,1,6
LYM_in_G_per_L,70,70,1,20
NEU_in_G_per_L,70,70,1,38
otherveggiesquan,70,70,1,2
otherjuicequan,70,70,1,3
othersoupfreq,70,70,1,6
otherjuicefreq,70,70,1,6
softdrinksquan,70,70,1,2
peanutbutterfreq,70,70,1,6
piequan,70,70,1,2
veggiesoupfreq,70,70,1,3
pintobeansfreq,70,70,1,6
tomatoesfreq,70,70,1,5
tomatoesquan,70,70,1,3
tortillasfreq,70,70,1,6
tortillasquan,70,70,1,2
typeofmilk,70,70,1,6
piefreq,70,70,1,4
peanutbutterquan,70,70,1,3
tacotype,70,70,1,3
spaghettiquan,70,70,1,3
strawberryfreq,70,70,1,6
strawberryquan,70,70,1,3
sweetpotatoesfreq,70,70,1,5
sweetpotatoesquan,70,70,1,2
tacosfreq,70,70,1,5
tacosquan,70,70,1,3
spaghettifreq,70,70,1,5
days_from_onset_to_sample,69,69,1,28
UC_Endoscopic_Mayo_score,69,69,1,4
diabetes_onset,69,69,1,63
fermented_consumed,69,69,1,2
age_at_onset,69,69,1,69
ace,69,69,1,59
gestation_weeks,68,68,1,9
radiation_received,67,67,1,1
Dx_Bin,67,67,1,1
lesion,67,67,1,1
Diabetic.1,67,67,1,1
fit_followUp,67,67,1,22
Disease_Free,67,67,1,3
Diagnosis,67,67,1,1
chemo_received,67,67,1,1
Smoke.1,67,67,1,1
Fermentation,66,66,1,2
Patient_code,66,66,1,66
mp,65,65,1,48
replicates,64,64,1,64
id-biopsy,64,64,1,64
EDSS,64,64,1,12
"gender(1:M,2:F)",64,64,1,2
test_substrate,63,63,1,10
WF002exptSample_number,63,63,1,63
test_substrate_form,63,63,1,4
FaecalDonor,63,63,1,1
host_hiv_stat,62,62,1,2
host_HIVprofile,62,62,1,3
host_RiskGroup,62,62,1,5
thyroid_stimulating_hormone,62,62,1,57
TIME_POINT,62,62,1,2
SUBJECT,62,62,1,59
ID,60,60,1,60
study,60,60,1,1
pulmonary_disord,60,60,1,3
any_other_relevant_information,60,60,1,1
extraction,60,60,1,8
Library ID,59,59,1,59
ICP_serum_Fe,59,59,1,59
ICP_serum_Cu,59,59,1,59
viral_load_value,58,58,1,27
hiv,58,58,1,3
visit number,58,58,1,5
reason_for_visit,58,58,1,4
time_from_first_sample_months,57,57,1,22
extra_intestinal_manifest_ation,57,57,1,5
special_diets,57,57,1,29
Collection time point of faecal incubation,56,56,1,2
sample_symptoms,56,56,1,6
ICP_soluble_stool_Fe_in_ug_per_L,55,55,1,55
pre_or_post_travel_sample_collection,55,55,1,2
travelers_diarrhea,55,55,1,3
gestation_state,54,54,1,2
foetal_health_stat,54,54,1,2
blood_blood_disord,54,54,1,10
CD8_count(cells/ul),54,54,1,54
CD4_count(cells/ul),54,54,1,51
Viral_load (copies/ml),54,54,1,37
amniotic_fluid_color,54,54,1,1
delivery,53,53,1,2
antibiotics_past_6_months,53,53,1,3
Co-trimoxazole duration (mths),53,53,1,15
ART_start_date,53,53,1,52
mtx,53,53,1,41
gamma-Amino-N-butyric-acid,52,52,1,26
choline,52,52,1,43
carnitine,52,52,1,47
alpha-Aminoadipic-acid,52,52,1,51
pcr_cycle,52,52,1,1
betaine,52,52,1,46
polymerase,52,52,1,1
tma,52,52,1,41
Methionine,52,52,1,43
Tryptophan,52,52,1,49
Aspartic Acid,52,52,1,35
Asparagine,52,52,1,46
Arginine,52,52,1,47
Proline,52,52,1,48
Citrulline,52,52,1,49
Cystathionine 1,52,52,1,36
Threonine,52,52,1,51
Taurine,52,52,1,52
Serine,52,52,1,50
Glutamic Acid,52,52,1,51
Glutamine,52,52,1,52
Cystine,52,52,1,48
Cystathionine 2,52,52,1,1
Carnosine,52,52,1,1
ParentSampleType,52,52,1,2
final_library_concentration_ng_ul,52,52,1,47
beta-Aminoisobutyric-acid,52,52,1,44
Hydroxyproline,52,52,1,43
Hydroxylysine 2,52,52,1,40
Histidine,52,52,1,37
Ethanolamine,52,52,1,34
1-Methylhistidine,52,52,1,33
3-Methylhistidine,52,52,1,41
Glycine,52,52,1,52
antibiotic,52,52,1,12
GramPerday,52,52,1,40
Allo-Isoleucine,52,52,1,1
Alanine,52,52,1,52
Anserine,52,52,1,1
Sarcosine,52,52,1,30
Phosphoethanolamine,52,52,1,44
Phenylalanine,52,52,1,49
Lysine,52,52,1,52
Isoleucine,52,52,1,51
alpha-Amino-N-butyric-acid,52,52,1,44
Tyrosine,52,52,1,49
beta-Alanine,52,52,1,34
Ornithine,52,52,1,51
Valine,52,52,1,52
allo-Isoleucine,52,52,1,25
Hydroxylysine 1,52,52,1,6
tmao,52,52,1,37
Leucine,52,52,1,52
Homocystine,52,52,1,13
ART_duration_at baseline_months,51,51,1,45
deltaKT,50,50,1,36
patientcontrol,50,50,1,4
DNAextractioncontrol,50,50,1,2
exp_time_point,50,50,1,8
actualdonor,50,50,1,3
actualdonor2,50,50,1,3
Weeknum,50,50,1,8
PCR Primers,50,50,1,1
Multiplex Identifiers,50,50,1,50
Well Position,50,50,1,44
KT,50,50,1,43
bio_material,50,50,1,1
sample_no.,50,50,1,50
host_family,50,50,1,1
name of Principal Investigator,50,50,1,1
efficacy,50,50,1,3
package,50,50,1,1
wild_captive,50,50,1,1
reverse_primer_name,50,50,1,1
Generation,50,50,1,3
breath_test_results,50,50,1,4
prepostFMT,50,50,1,3
Age_Years,50,50,1,30
gut_physiology,50,50,1,1
primer_name,50,50,1,1
reverse_primer,50,50,1,1
reverse_primer_linker,50,50,1,1
host_order,50,50,1,1
host_major_clade,50,50,1,1
Target Genes,50,50,1,1
illumina_technlogy,50,50,1,1
Target Subfragment,50,50,1,1
covid_occupation,48,48,1,29
height_or_length,48,48,1,24
sample_source,47,47,1,6
Incubation_condition,45,45,1,1
Incubation_time,45,45,1,2
HPEX_in_mg_per_dL,44,44,1,43
prior_surgery,44,44,1,31
Urin_hepcidin_in_ngper_mL,42,42,1,42
asd_sibling,42,42,1,2
ICP_serum_As,42,42,1,2
Serum_hepcidin_in_ng_per_mL,42,42,1,41
ICP_serum_Pb,42,42,1,2
ICP_serum_Al,42,42,1,9
ICP_serum_U,42,42,1,1
ICP_soluble_stool_Pb_in_ug_per_L,41,41,1,19
adult age (years),40,40,1,19
ICP_soluble_stool_Co_in_ug_per_L,40,40,1,40
ICP_soluble_stool_Al_in_ug_per_L,40,40,1,12
ICP_soluble_stool_Cu_in_ug_per_L,40,40,1,40
ICP_soluble_stool_U_in_ug_per_L,40,40,1,2
rutgeerts,39,39,1,7
clinic_visit_date,38,38,1,31
cd4_value,37,37,1,28
hospitalizations_in_past_6_months,37,37,1,3
log VL,35,35,1,35
donor years practicing cron dp,33,33,1,18
irritabilty,33,33,1,19
lethargy,33,33,1,15
hyperactivity,33,33,1,18
inapp_speech,33,33,1,10
stereotypy,33,33,1,9
Nasal_NGAL,32,32,1,32
Visual_analogue_scale,32,32,1,21
Nasal_secretions_in_mg,32,32,1,32
Nasal_ceruloplasmin,32,32,1,32
Nasal_IgE,32,32,1,32
Total_nasal_symptom_score_TNSS,31,31,1,7
cdai_pro2,31,31,1,20
dur_art_treatment_months,30,30,1,13
pms1_stool_freq,28,28,1,4
pms2_rectal_bleeding,28,28,1,4
pms3_pga,28,28,1,5
partial_mayo_score,28,28,1,7
osteocalcin,26,26,1,22
interleukin_6,26,26,1,19
c_reactive_protein,25,25,1,25
pouchitis,25,25,1,4
Symptoms,19,19,1,1
Hydroxychloroquine,19,19,1,1
CRP,19,19,1,1
ACPA,19,19,1,1
Eggerthella,19,19,1,2
HAQ,19,19,1,1
RadiographicErosions,19,19,1,1
Relation,19,19,1,19
Prednisone,19,19,1,1
HLADR4,19,19,1,1
Methotrexate,19,19,1,1
Global,19,19,1,1
RF,19,19,1,1
Longitudinal_samples,18,18,1,1
nationality,15,15,1,3
animal_type_free_text,14,14,1,1
fermented_produce_commercial_other_1,14,14,1,1
fermented_consumed_other_1,14,14,1,1
fermented_produce_personal_other_1,14,14,1,1
pec,11,11,1,10
ppi_losec,11,11,1,2
covid_suspected_positive_date,8,8,1,6
tnf_alpha,8,8,1,8
protein,7,7,1,7
host_treatment,7,7,1,0
phosphorus,7,7,1,7
food_special,3,3,1,1
food source,3,3,1,1
subject_age_range,3,3,1,1
storage_subject_identifier,3,3,1,3
storage_duration,3,3,1,1
name,3,3,1,1
samp_storage_condition,3,3,1,1
Alias,1,1,1,1
ENA checklist,1,1,1,1
Title,1,1,1,1
