project,tag,bucket,controls,cases,study_n,n_distinct_values_after_null,top_values,note
PRJDB10485,ART_status_at_baseline,NEEDS_REVIEW,,,,3,"{""control"": 55, ""art"": 51, ""naive"": 3}",
PRJDB10485,Marital_status,NEEDS_REVIEW,,,,4,"{""married"": 42, ""single"": 41, ""widowed"": 15, ""divorced"": 9}",
PRJDB10485,host_disease,NEEDS_REVIEW,,,,2,"{""hiv-1 negative"": 55, ""hiv-1 positive"": 54}",
PRJDB5678,host_disease,NEEDS_REVIEW,,,,7,"{""hyperlipidemia"": 15, ""hypertension"": 13, ""gout"": 9, ""hypertension, prostatic hypertrophy"": 6, ""schizophrenia"": 3}",
PRJDB8027,gastrointest_disord,NEEDS_REVIEW,,,,4,"{""cholecystectomy"": 4, ""appendectomy"": 2, ""right hemicolectomy"": 1, ""distal gastrectomy"": 1}",
PRJEB11419,acid_reflux,NEEDS_REVIEW,,,,5,"{""i do not have this condition"": 3635, ""diagnosed by a medical professional (doctor, physician assistant)"": 748, ""unspecified"": 218, ""self-diagnosed"": 204, ""diagnosed by an alternative medicine practitioner"": 13}",
PRJEB11419,add_adhd,NEEDS_REVIEW,,,,5,"{""i do not have this condition"": 4268, ""unspecified"": 197, ""diagnosed by a medical professional (doctor, physician assistant)"": 181, ""self-diagnosed"": 158, ""diagnosed by an alternative medicine practitioner"": 18}",
PRJEB11419,alzheimers,NEEDS_REVIEW,,,,4,"{""i do not have this condition"": 2270, ""unspecified"": 60, ""diagnosed by a medical professional (doctor, physician assistant)"": 5, ""self-diagnosed"": 1}",
PRJEB11419,asd,NEEDS_REVIEW,,,,5,"{""i do not have this condition"": 4505, ""unspecified"": 183, ""diagnosed by a medical professional (doctor, physician assistant)"": 79, ""self-diagnosed"": 50, ""diagnosed by an alternative medicine practitioner"": 5}",
PRJEB11419,autoimmune,NEEDS_REVIEW,,,,5,"{""i do not have this condition"": 3947, ""diagnosed by a medical professional (doctor, physician assistant)"": 621, ""unspecified"": 187, ""self-diagnosed"": 49, ""diagnosed by an alternative medicine practitioner"": 18}",
PRJEB11419,cancer,NEEDS_REVIEW,,,,3,"{""i do not have this condition"": 2768, ""diagnosed by a medical professional (doctor, physician assistant)"": 226, ""unspecified"": 131}",
PRJEB11419,cardiovascular_disease,NEEDS_REVIEW,,,,5,"{""i do not have this condition"": 3703, ""unspecified"": 154, ""diagnosed by a medical professional (doctor, physician assistant)"": 107, ""self-diagnosed"": 6, ""diagnosed by an alternative medicine practitioner"": 2}",
PRJEB11419,cdiff,NEEDS_REVIEW,,,,5,"{""i do not have this condition"": 4072, ""unspecified"": 220, ""diagnosed by a medical professional (doctor, physician assistant)"": 75, ""self-diagnosed"": 13, ""diagnosed by an alternative medicine practitioner"": 8}",
PRJEB11419,clinical condition,NEEDS_REVIEW,,,,5,"{""i do not have this condition"": 3652, ""diagnosed by a medical professional (doctor, physician assistant)"": 813, ""unspecified"": 310, ""self-diagnosed"": 32, ""diagnosed by an alternative medicine practitioner"": 13}",
PRJEB11419,covid_chronic_conditions_any_autoimmune_disease,NEEDS_REVIEW,,,,2,"{""false"": 389, ""true"": 5}",
PRJEB11419,covid_chronic_conditions_arthritis,NEEDS_REVIEW,,,,2,"{""false"": 385, ""true"": 9}",
PRJEB11419,covid_chronic_conditions_asthma_or_other_lung_problems,NEEDS_REVIEW,,,,2,"{""false"": 375, ""true"": 19}",
PRJEB11419,covid_chronic_conditions_atrial_fibrillation_or_atrial_flutter,NEEDS_REVIEW,,,,1,"{""false"": 132}",
PRJEB11419,covid_chronic_conditions_cancer,NEEDS_REVIEW,,,,1,"{""false"": 132}",
PRJEB11419,covid_chronic_conditions_chronic_obstructive_pulmonary_disease_copd,NEEDS_REVIEW,,,,2,"{""false"": 130, ""true"": 2}",
PRJEB11419,covid_chronic_conditions_congestive_heart_failure,NEEDS_REVIEW,,,,1,"{""false"": 132}",
PRJEB11419,covid_chronic_conditions_deep_vein_thrombosis,NEEDS_REVIEW,,,,1,"{""false"": 132}",
PRJEB11419,covid_chronic_conditions_diabetes_or_high_blood_sugar,NEEDS_REVIEW,,,,2,"{""false"": 122, ""true"": 10}",
PRJEB11419,covid_chronic_conditions_epilepsy_or_seizures,NEEDS_REVIEW,,,,1,"{""false"": 132}",
PRJEB11419,covid_chronic_conditions_frequent_or_very_bad_headaches,NEEDS_REVIEW,,,,2,"{""false"": 307, ""true"": 12}",
PRJEB11419,covid_chronic_conditions_heart_disease__myocardial_infarction,NEEDS_REVIEW,,,,1,"{""false"": 132}",
PRJEB11419,covid_chronic_conditions_heart_problems,NEEDS_REVIEW,,,,2,"{""false"": 389, ""true"": 5}",
PRJEB11419,covid_chronic_conditions_hiv,NEEDS_REVIEW,,,,1,"{""false"": 132}",
PRJEB11419,covid_chronic_conditions_hypertension,NEEDS_REVIEW,,,,2,"{""false"": 379, ""true"": 15}",
PRJEB11419,covid_chronic_conditions_immune_disorder,NEEDS_REVIEW,,,,2,"{""false"": 392, ""true"": 2}",
PRJEB11419,covid_chronic_conditions_kidney_problems,NEEDS_REVIEW,,,,2,"{""false"": 392, ""true"": 2}",
PRJEB11419,covid_chronic_conditions_pulmonary_embolism,NEEDS_REVIEW,,,,1,"{""false"": 132}",
PRJEB11419,covid_chronic_conditions_seasonal_allergies,NEEDS_REVIEW,,,,2,"{""false"": 532, ""true"": 49}",
PRJEB11419,covid_chronic_conditions_serious_acne_or_skin_problems,NEEDS_REVIEW,,,,1,"{""false"": 132}",
PRJEB11419,covid_chronic_conditions_serious_stomach_or_bowel_problems,NEEDS_REVIEW,,,,2,"{""false"": 385, ""true"": 9}",
PRJEB11419,covid_chronic_conditions_stroke,NEEDS_REVIEW,,,,2,"{""false"": 131, ""true"": 1}",
PRJEB11419,covid_chronic_conditions_unspecified,NEEDS_REVIEW,,,,1,"{""false"": 132}",
PRJEB11419,covid_likely_exposure_yes_someone_with_medical_diagnosis_but_no_test,NEEDS_REVIEW,,,,2,"{""false"": 317, ""true"": 2}",
PRJEB11419,covid_likely_exposure_yes_someone_with_possible_symptoms_but_no_diagnosis_by_doctor,NEEDS_REVIEW,,,,2,"{""false"": 573, ""true"": 8}",
PRJEB11419,covid_suspected_positive,NEEDS_REVIEW,,,,6,"{""no symptoms or signs"": 779, ""unspecified"": 148, ""yes, have had some possible symptoms but tested negative"": 83, ""yes, have had some possible symptoms, but no diagnosis by doctor"": 54, ""yes, with a positive test"": 18}",
PRJEB11419,depression_bipolar_schizophrenia,NEEDS_REVIEW,,,,4,"{""unspecified"": 2565, ""i do not have this condition"": 18, ""diagnosed by a medical professional (doctor, physician assistant)"": 11, ""self-diagnosed"": 2}",
PRJEB11419,diabetes,CONFIRMED,4510.0,163.0,4676.0,5,"{""i do not have this condition"": 4510, ""diagnosed by a medical professional (doctor, physician assistant)"": 157, ""unspecified"": 135, ""self-diagnosed"": 6, ""diagnosed by an alternative medicine practitioner"": 3}",
PRJEB11419,epilepsy_or_seizure_disorder,NEEDS_REVIEW,,,,5,"{""i do not have this condition"": 3373, ""unspecified"": 117, ""diagnosed by a medical professional (doctor, physician assistant)"": 50, ""diagnosed by an alternative medicine practitioner"": 3, ""self-diagnosed"": 1}",
PRJEB11419,fungal_overgrowth,NEEDS_REVIEW,,,,5,"{""i do not have this condition"": 3993, ""unspecified"": 277, ""self-diagnosed"": 192, ""diagnosed by an alternative medicine practitioner"": 187, ""diagnosed by a medical professional (doctor, physician assistant)"": 173}",
PRJEB11419,ibd,NEEDS_REVIEW,,,,5,"{""i do not have this condition"": 4357, ""unspecified"": 233, ""diagnosed by a medical professional (doctor, physician assistant)"": 214, ""self-diagnosed"": 12, ""diagnosed by an alternative medicine practitioner"": 6}",
PRJEB11419,ibd diagnosis,NEEDS_REVIEW,,,,3,"{""unspecified"": 1556, ""crohn's disease"": 56, ""ulcerative colitis"": 31}",
PRJEB11419,ibd_diagnosis_refined,NEEDS_REVIEW,,,,6,"{""unspecified"": 4575, ""colonic crohn's disease"": 79, ""ulcerative colitis"": 77, ""ileal crohn's disease"": 35, ""microcolitis"": 11}",
PRJEB11419,ibs,NEEDS_REVIEW,,,,5,"{""i do not have this condition"": 3633, ""diagnosed by a medical professional (doctor, physician assistant)"": 589, ""self-diagnosed"": 318, ""unspecified"": 250, ""diagnosed by an alternative medicine practitioner"": 30}",
PRJEB11419,kidney_disease,NEEDS_REVIEW,,,,4,"{""i do not have this condition"": 3756, ""unspecified"": 154, ""diagnosed by a medical professional (doctor, physician assistant)"": 63, ""self-diagnosed"": 5}",
PRJEB11419,liver_disease,NEEDS_REVIEW,,,,5,"{""i do not have this condition"": 3704, ""unspecified"": 200, ""diagnosed by a medical professional (doctor, physician assistant)"": 68, ""self-diagnosed"": 4, ""diagnosed by an alternative medicine practitioner"": 2}",
PRJEB11419,living_status,NEEDS_REVIEW,,,,0,{},
PRJEB11419,lung disease,NEEDS_REVIEW,,,,5,"{""i do not have this condition"": 3037, ""diagnosed by a medical professional (doctor, physician assistant)"": 392, ""unspecified"": 123, ""self-diagnosed"": 8, ""diagnosed by an alternative medicine practitioner"": 2}",
PRJEB11419,mental_illness_type_bipolar_disorder,NEEDS_REVIEW,,,,4,"{""false"": 783, ""yes"": 27, ""true"": 15, ""unspecified"": 15}",
PRJEB11419,mental_illness_type_ptsd_post_traumatic_stress_disorder,NEEDS_REVIEW,,,,2,"{""false"": 957, ""true"": 23}",
PRJEB11419,mental_illness_type_ptsd_posttraumatic_stress_disorder,NEEDS_REVIEW,,,,2,"{""yes"": 28, ""unspecified"": 14}",
PRJEB11419,migraine,NEEDS_REVIEW,,,,5,"{""i do not have this condition"": 3839, ""diagnosed by a medical professional (doctor, physician assistant)"": 531, ""self-diagnosed"": 297, ""unspecified"": 150, ""diagnosed by an alternative medicine practitioner"": 4}",
PRJEB11419,pku,NEEDS_REVIEW,,,,4,"{""i do not have this condition"": 2593, ""unspecified"": 103, ""diagnosed by a medical professional (doctor, physician assistant)"": 3, ""diagnosed by an alternative medicine practitioner"": 2}",
PRJEB11419,sibo,NEEDS_REVIEW,,,,5,"{""i do not have this condition"": 4238, ""unspecified"": 311, ""self-diagnosed"": 112, ""diagnosed by a medical professional (doctor, physician assistant)"": 104, ""diagnosed by an alternative medicine practitioner"": 57}",
PRJEB11419,skin_condition,NEEDS_REVIEW,,,,5,"{""i do not have this condition"": 3328, ""diagnosed by a medical professional (doctor, physician assistant)"": 1152, ""unspecified"": 189, ""self-diagnosed"": 134, ""diagnosed by an alternative medicine practitioner"": 19}",
PRJEB11419,subset_healthy,NEEDS_REVIEW,,,,2,"{""false"": 1226, ""true"": 882}",
PRJEB11419,thyroid,NEEDS_REVIEW,,,,5,"{""i do not have this condition"": 4122, ""diagnosed by a medical professional (doctor, physician assistant)"": 470, ""unspecified"": 192, ""diagnosed by an alternative medicine practitioner"": 21, ""self-diagnosed"": 17}",
PRJEB15481,sample group,NEEDS_REVIEW,,,,3,"{""human gut metagenome"": 246, ""monotonous feeding experiment"": 20, ""diet intervention and cohousing experiment"": 6}",
PRJEB15534,lung/pulmonary disorder,CONFIRMED,56.0,71.0,127.0,2,"{""atopic asthma"": 71, ""control (no atopic asthma)"": 56}",
PRJEB1799,agegroup,NEEDS_REVIEW,,,,3,"{""adult"": 106, ""adolescent"": 38, ""senior"": 25}",
PRJEB20766,host disease status,NEEDS_REVIEW,,,,2,"{""high risk for asthma"": 137, ""low risk for asthma"": 117}",
PRJEB20773,opv response,NEEDS_REVIEW,,,,2,"{""seropositive"": 130, ""seronegative"": 110}",
PRJEB21946,probiotic group,NEEDS_REVIEW,,,,2,"{""1"": 210, ""0"": 126}",
PRJEB21946,zinc group,NEEDS_REVIEW,,,,2,"{""0"": 260, ""1"": 76}",
PRJEB22676,lung/pulmonary disorder,CONFIRMED,32.0,40.0,72.0,2,"{""atopic asthma"": 40, ""control (no atopic asthma)"": 32}",
PRJEB27807,env_medium,NEEDS_REVIEW,,,,10,"{""breast milk"": 82, ""oral catheter secretion"": 82, ""endotracheal catheter secretion"": 78, ""stool"": 76, ""sequencing negative ctrl"": 6}",
PRJEB28159,burden group for campylobacter,NEEDS_REVIEW,,,,3,"{""mid"": 390, ""low"": 318, ""high"": 217}",
PRJEB28159,burden group for eaec,NEEDS_REVIEW,,,,3,"{""mid"": 397, ""low"": 324, ""high"": 204}",
PRJEB28159,burden group for giardia,NEEDS_REVIEW,,,,3,"{""low"": 511, ""mid"": 229, ""high"": 185}",
PRJEB28159,burden group for norovirus,NEEDS_REVIEW,,,,3,"{""low"": 364, ""mid"": 338, ""high"": 223}",
PRJEB28159,in subcohort with no diarrhea for 30 days,NEEDS_REVIEW,,,,1,"{""yes"": 240}",
PRJEB28159,number of who food groups,NEEDS_REVIEW,,,,8,"{""7"": 274, ""6"": 222, ""5"": 137, ""0"": 98, ""1"": 85}",
PRJEB31840,disease_activity,NEEDS_REVIEW,,,,4,"{""active"": 48, ""remission"": 29, ""healthy"": 18, ""partialresponder"": 12}",
PRJEB32244,sample_type,NEEDS_REVIEW,,,,5,"{""fermentation1effluent"": 68, ""fermentation2effluent"": 46, ""mockcommunity"": 1, ""positivecontrol"": 1, ""infant1fecalsample"": 1}",
PRJEB36585,comparison_group,NEEDS_REVIEW,,,,4,"{""geohelmnintospositivos"": 39, ""malariapositivos"": 33, ""a_uninfected"": 31, ""both"": 27}",
PRJEB37289,group,NEEDS_REVIEW,,,,3,"{""icu"": 35, ""no_abx"": 20, ""abx"": 7}",
PRJEB38835,intervention_group,NEEDS_REVIEW,,,,4,"{""endurance"": 78, ""strength"": 67, ""control"": 66, ""elite"": 13}",
PRJEB38948,sample group,NEEDS_REVIEW,,,,7,"{""infant stool"": 2333, ""maternal stool"": 556, ""maternal stool control"": 36, ""mock community"": 36, ""mock community (qiagen extracted)"": 36}",
PRJEB39382,experimental group,CONFIRMED,74.0,180.0,254.0,2,"{""sick"": 180, ""healthy"": 74}",
PRJEB39880,condition,NEEDS_REVIEW,,,,5,"{""eoe baseline"": 34, ""control"": 10, ""eoe post-stc"": 9, ""eoe post-ppi"": 9, ""eoe post-fed"": 9}",
PRJEB42155,diagnosis,CONFIRMED,19.0,193.0,213.0,5,"{""cd"": 118, ""uc"": 74, ""healthy_control"": 19, ""ind"": 1, ""cd (from uc 7/17/2018)"": 1}",
PRJEB42155,historical_disease_extent,NEEDS_REVIEW,,,,5,"{""pancolites"": 32, ""left side colites"": 30, ""proctitis"": 11, ""rectosigmoiditis"": 1, ""proctosigmoiditis"": 1}",
PRJEB42687,asd,NEEDS_REVIEW,,,,1,"{""yes"": 36}",
PRJEB42687,asd_numeric,CONFIRMED,42.0,36.0,78.0,2,"{""0"": 42, ""1"": 36}",
PRJEB42687,asd_sibling,NEEDS_REVIEW,,,,1,"{""yes"": 13}",
PRJEB4335,cohort,NEEDS_REVIEW,,,,5,"{""a2"": 22, ""b"": 13, ""b2"": 7, ""b1"": 6, ""a1"": 4}",
PRJEB4335,hiv,CONFIRMED,22.0,30.0,52.0,2,"{""positive"": 30, ""negative"": 22}",
PRJEB4335,status,NEEDS_REVIEW,,,,3,"{""chronic"": 26, ""negative"": 22, ""acute"": 4}",
PRJEB44113,intervention_group,NEEDS_REVIEW,,,,2,"{""imf"": 67, ""dcr"": 49}",
PRJEB46174,vreswabpositive,COLONISATION,172.0,77.0,,2,"{""0"": 172, ""1"": 77}",carriage of an organism not illness -- pending decision LABEL_AUDIT.md 5.2
PRJEB5729,control,NEEDS_REVIEW,,,,1,"{""yes"": 1}",
PRJEB5729,hormonalbirthcontrol,NEEDS_REVIEW,,,,5,"{""pill"": 230, ""nuvaring"": 26, ""dmpa"": 10, ""yes.i.have.an.iud"": 9, ""iud"": 9}",
PRJEB5729,ibd,CONFIRMED,803.0,44.0,847.0,3,"{""colitis"": 22, ""yes.ibs"": 12, ""crohns"": 10}",
PRJEB5729,skinconditions,NEEDS_REVIEW,,,,5,"{""eczema"": 71, ""eczema.psoriasis"": 16, ""psoriasis"": 14, ""other.subacute.cutaneous.lupus.erythematosus.this.is.non.scarring.nonatrophy.producing.photosensitive.dermatosis"": 10, ""rosacea"": 9}",
PRJNA227062,host_disease,CONFIRMED,42.0,52.0,94.0,2,"{""pos"": 52, ""neg"": 42}",
PRJNA246121,disease,CONFIRMED,31.0,53.0,84.0,2,"{""nafld"": 53, ""healthy"": 31}",
PRJNA280026,description,CONFIRMED,61.0,207.0,269.0,6,"{""normal"": 61, ""adenoma"": 57, ""carcinoma"": 52, ""carcinoma_adjacent"": 51, ""adenoma_adjacent"": 47}",
PRJNA290926,diagnosis,CONFIRMED,122.0,318.0,490.0,5,"{""normal"": 122, ""cancer"": 120, ""adv adenoma"": 109, ""adenoma"": 89, ""high risk normal"": 50}",
PRJNA307231,HBV_coinfection,NEEDS_REVIEW,,,,2,"{""negative"": 187, ""positive"": 31}",
PRJNA307231,HCV_coinfection,NEEDS_REVIEW,,,,2,"{""negative"": 201, ""positive"": 39}",
PRJNA307231,HIV_RiskGroup,NEEDS_REVIEW,,,,3,"{""msm"": 187, ""hts"": 127, ""pwid"": 30}",
PRJNA307231,HIV_serostatus,CONFIRMED,57.0,287.0,344.0,2,"{""positive"": 287, ""negative"": 57}",
PRJNA307231,PCR_Chlamydia_trachomatis,NEEDS_REVIEW,,,,2,"{""negative"": 195, ""positive"": 16}",
PRJNA307231,Syphilis_serology,NEEDS_REVIEW,,,,2,"{""negative"": 193, ""positive"": 34}",
PRJNA307992,CDI_clinical_result_for_sample,NEEDS_REVIEW,,,,2,"{""positive"": 177, ""negative"": 27}",
PRJNA307992,CDI_cultivation_results,NEEDS_REVIEW,,,,4,"{""positive"": 161, ""negative"": 58, ""positive_maybe"": 3, ""no_sample"": 1}",
PRJNA307992,host_disease,NEEDS_REVIEW,,,,3,"{""recurrent cdi"": 94, ""nonrecurrent cdi"": 85, ""reinfection cdi"": 51}",
PRJNA307992,patient_group,CONFIRMED,85.0,51.0,230.0,3,"{""recurrent"": 94, ""nonrecurrent"": 85, ""reinfection"": 51}",
PRJNA307992,sample_status,NEEDS_REVIEW,,,,5,"{""index"": 76, ""treatment"": 48, ""reinfection"": 39, ""recurrence"": 38, ""recovery"": 29}",
PRJNA311147,case_control,CONFIRMED,46.0,46.0,92.0,2,"{""1"": 46, ""0"": 46}",
PRJNA311147,match_group_id,NEEDS_REVIEW,,,,18,"{""14"": 6, ""39"": 6, ""15"": 6, ""26"": 6, ""87"": 6}",
PRJNA313391,gastrointest_disord,NEEDS_REVIEW,,,,4,"{""gastritis"": 30, ""intestinal metaplasia"": 30, ""early gastric cancer"": 30, ""advanced gastric cancer"": 30}",
PRJNA317429,diagnosis,CONFIRMED,47.0,36.0,83.0,2,"{""not ibd"": 47, ""crohn's disease"": 36}",
PRJNA318004,diagnosis,CONFIRMED,98.0,263.0,404.0,5,"{""cancer"": 101, ""normal"": 98, ""adv adenoma"": 85, ""adenoma"": 77, ""high risk normal"": 43}",
PRJNA323360,Experimental Conditions,NEEDS_REVIEW,,,,3,"{""control"": 42, ""before"": 24, ""after"": 13}",
PRJNA324147,gastrointest_disord,CONFIRMED,54.0,36.0,90.0,3,"{""normal"": 54, ""cd"": 26, ""uc"": 10}",
PRJNA342173,Status,NEEDS_CHECK,,,,2,"{""0"": 73, ""1"": 69}",numeric group code (0/1) not recoverable from data alone -- LABEL_AUDIT.md 5.3
PRJNA349463,rural_urban_status,NEEDS_REVIEW,,,,2,"{""rural"": 40, ""urban"": 40}",
PRJNA350277,gastrointest_disord,CONFIRMED,553.0,73.0,648.0,5,"{""none"": 553, ""obesity"": 62, ""crohn (remission)"": 11, ""irritable bowel syndrome"": 11, ""mild irritable bowel syndrome"": 11}",recovered only via none-as-control null exemption
PRJNA350277,host_disease,NEEDS_REVIEW,,,,1,"{""none"": 501}",
PRJNA350277,host_phenotype,NEEDS_REVIEW,,,,0,{},
PRJNA350277,liver_disord,NEEDS_REVIEW,,,,0,{},
PRJNA354863,host_RiskGroup,NEEDS_REVIEW,,,,4,"{""het"": 39, ""msm"": 15, ""ivdu"": 5, ""bp"": 2}",
PRJNA355138,DNAextractioncontrol,NEEDS_REVIEW,,,,1,"{""yes"": 2}",
PRJNA355138,host_disease,NEEDS_REVIEW,,,,1,"{""hiv"": 42}",
PRJNA355138,patientcontrol,NEEDS_REVIEW,,,,3,"{""patient"": 36, ""control"": 6, ""donor"": 6}",
PRJNA362366,Disease_Free,NEEDS_REVIEW,,,,2,"{""y"": 61, ""n"": 1}",
PRJNA369083,Rxn Conditiond,NEEDS_REVIEW,,,,2,"{""69td"": 62, ""70"": 23}",
PRJNA382861,host_disease,CONFIRMED,26.0,31.0,263.0,3,"{""hbv"": 206, ""nafld"": 31, ""healthy"": 26}",
PRJNA386260,Ever.diagnosed.with.Clostridium.Difficle,NEEDS_REVIEW,,,,3,"{""0. no"": 201, ""1. yes"": 4, ""2. unknown"": 1}",
PRJNA388263,gastrointest_disord,NEEDS_REVIEW,,,,1,"{""none"": 419}",
PRJNA388263,host_disease,NEEDS_REVIEW,,,,1,"{""healthy"": 419}",
PRJNA398089,host_disease,CONFIRMED,45.0,131.0,176.0,3,"{""cd"": 85, ""uc"": 46, ""nonibd"": 45}",
PRJNA398187,Inflammation status,NEEDS_REVIEW,,,,9,"{""a"": 133, ""i"": 132, ""0.2"": 32, ""0.1"": 31, ""i.1"": 5}",
PRJNA401981,host_disease,CONFIRMED,40.0,40.0,80.0,2,"{""none"": 40, ""obesity"": 40}",recovered only via none-as-control null exemption
PRJNA413199,condition_at_sampling,CONFIRMED,70.0,253.0,454.0,7,"{""crohn's disease"": 144, ""ulcerative colitis"": 109, ""healthy"": 70, ""post-fmt"": 66, ""pre-fmt"": 32}",
PRJNA413199,experimental_group,NEEDS_REVIEW,,,,5,"{""ibd"": 253, ""fmtrecipient"": 98, ""healthy"": 70, ""donor"": 18, ""pouch"": 15}",
PRJNA414540,Group,NEEDS_REVIEW,,,,3,"{""a"": 140, ""b"": 135, ""b-a48"": 1}",
PRJNA428477,cre_status,COLONISATION,99.0,32.0,,2,"{""negative"": 99, ""kpc_positive"": 32}",carriage of an organism not illness -- pending decision LABEL_AUDIT.md 5.2
PRJNA428736,status,NEEDS_REVIEW,,,,2,"{""before"": 601, ""during"": 600}",
PRJNA434133,asthma_status,CONFIRMED,135.0,143.0,278.0,2,"{""asthma"": 143, ""non-asthma"": 135}",
PRJNA434133,obesity_status,NEEDS_REVIEW,,,,2,"{""obese"": 139, ""non-obese"": 139}",
PRJNA445932,case_control,CONFIRMED,103.0,71.0,174.0,2,"{""control"": 103, ""case"": 71}",
PRJNA450340,gastrointest_disord,NEEDS_REVIEW,,,,5,"{""hc"": 46, ""ra"": 45, ""cd"": 42, ""uc"": 40, ""ms"": 40}",
PRJNA450340,host_disease,CONFIRMED,46.0,167.0,213.0,5,"{""hc"": 46, ""ra"": 45, ""cd"": 42, ""uc"": 40, ""ms"": 40}",
PRJNA450540,gastrointest_disord,NEEDS_REVIEW,,,,2,"{""crohn\u2019s disease"": 234, ""none"": 22}",
PRJNA474717,pulmonary_disord,NEEDS_REVIEW,,,,2,"{""asthma"": 45, ""healthy"": 14}",
PRJNA480711,Cohort,CONFIRMED,54.0,20.0,243.0,4,"{""nafl"": 87, ""high bmi"": 82, ""normal bmi"": 54, ""nash"": 20}",
PRJNA481413,host_Hp-status,COLONISATION,242.0,203.0,,2,"{""negative"": 242, ""positive"": 203}",carriage of an organism not illness -- pending decision LABEL_AUDIT.md 5.2
PRJNA485316,screenPCRresult,COLONISATION,181.0,695.0,,4,"{""kpc positive"": 683, ""negative"": 181, ""kpc(+), ndm(+)"": 11, ""ndm positive"": 1}",carriage of an organism not illness -- pending decision LABEL_AUDIT.md 5.2
PRJNA485797,host_disease,CONFIRMED,64.0,115.0,179.0,2,"{""bipolar disorder"": 115, ""healthy control"": 64}",
PRJNA486009,gastrointest_disord,NEEDS_REVIEW,,,,2,"{""none"": 100, ""diarrhea"": 82}",
PRJNA493625,health_state,NEEDS_REVIEW,,,,2,"{""control"": 41, ""malabsorptive"": 27}",
PRJNA495320,host_disease,NEEDS_REVIEW,,,,1,"{""none"": 166}",
PRJNA495320,sequencing_status,NEEDS_REVIEW,,,,21,"{""ok"": 157, ""failed"": 8, ""control01"": 1, ""control02"": 1, ""control03"": 1}",
PRJNA511474,Group,NEEDS_REVIEW,,,,3,"{""p"": 30, ""a"": 28, ""n"": 16}",
PRJNA511474,env_local_scale,CONFIRMED,45.0,29.0,74.0,2,"{""normal site"": 45, ""acf site"": 29}",
PRJNA516932,treatmentgroup,NEEDS_REVIEW,,,,2,"{""placebo"": 406, ""udca"": 396}",
PRJNA517509,age group (months),NEEDS_REVIEW,,,,2,"{""36"": 140, ""24"": 140}",
PRJNA517509,control/intervention,NEEDS_REVIEW,,,,2,"{""i"": 146, ""c"": 134}",
PRJNA521398,disease,NEEDS_REVIEW,,,,4,"{""patient with fibromylagia (fm group)"": 77, ""unrelated control (control group)"": 48, ""same household adress as patient (control group)"": 20, ""first-degree relation with a patient (control group)"": 11}",
PRJNA525701,host_disease,NEEDS_REVIEW,,,,4,"{""alcohol use disorder"": 27, ""alcoholic hepatitis"": 16, ""alcoholic liver disease"": 7, ""healthy liver control"": 4}",
PRJNA526906,gastrointest_disord,CONFIRMED,230.0,205.0,435.0,2,"{""control"": 230, ""necrotizing enterocolitis"": 205}",
PRJNA527265,PatientGroup,NEEDS_REVIEW,,,,3,"{""acquired carbapenem resistant pseudomonas"": 123, ""did not acquired carbapenem resistant pseudomonas"": 89, ""antibiotic free"": 46}",
PRJNA529598,group,CONFIRMED,179.0,262.0,483.0,5,"{""autism"": 262, ""neurotypical"": 179, ""neurotypical_mom"": 29, ""donor-initial"": 9, ""donor-maintenance"": 4}",
PRJNA532853,host_disease,NEEDS_REVIEW,,,,2,"{""long-term ppi use"": 47, ""long-term ppi use and cirrhosis"": 20}",
PRJNA533120,host_disease,CONFIRMED,41.0,41.0,82.0,2,"{""nt"": 41, ""asd"": 41}",
PRJNA533120,host_phenotype,NEEDS_REVIEW,,,,2,"{""nt"": 41, ""asd"": 41}",
PRJNA535518,cohort,NEEDS_REVIEW,,,,4,"{""1"": 43, ""3"": 42, ""4"": 8, ""2"": 7}",
PRJNA541332,bmi_status,NEEDS_CHECK,,,,3,"{""1"": 172, ""2"": 144, ""0"": 114}",numeric group code (0/1/2) not recoverable from data alone -- LABEL_AUDIT.md 5.3
PRJNA541332,cardiovascular_disease,NEEDS_REVIEW,,,,2,"{""0"": 415, ""1"": 7}",
PRJNA541332,depression_status,NEEDS_REVIEW,,,,4,"{""1"": 51, ""2"": 15, ""3"": 10, ""4"": 3}",
PRJNA541332,diabetes_status,NEEDS_REVIEW,,,,6,"{""1"": 214, ""4"": 57, ""2"": 52, ""5"": 48, ""3"": 42}",
PRJNA541332,marital_status,NEEDS_REVIEW,,,,6,"{""1"": 145, ""2"": 67, ""4"": 16, ""3"": 13, ""6"": 8}",
PRJNA541332,metabolic_phenotype,NEEDS_REVIEW,,,,6,"{""3"": 122, ""5"": 107, ""0"": 55, ""2"": 50, ""1"": 45}",
PRJNA541332,stress_status,NEEDS_REVIEW,,,,3,"{""2"": 45, ""1"": 21, ""3"": 9}",
PRJNA544545,study_group,NEEDS_REVIEW,,,,2,"{""2"": 238, ""1"": 149}",
PRJNA544721,isolation_source,CONFIRMED,44.0,84.0,128.0,2,"{""ibs-d"": 84, ""hc"": 44}",
PRJNA548177,ConditioningIntensity,NEEDS_REVIEW,,,,2,"{""cond1"": 78, ""cond2"": 32}",
PRJNA548177,UnderlyingDisease,NEEDS_REVIEW,,,,4,"{""ud2"": 52, ""ud3"": 38, ""ud1"": 14, ""ud4"": 6}",
PRJNA554232,Sample Group,NEEDS_REVIEW,,,,2,"{""control"": 503, ""cf"": 214}",
PRJNA554232,env_local_scale,CONFIRMED,571.0,146.0,717.0,2,"{""0"": 571, ""1"": 146}",
PRJNA556249,Kp,COLONISATION,210.0,38.0,,2,"{""0"": 210, ""1"": 38}",carriage of an organism not illness -- pending decision LABEL_AUDIT.md 5.2
PRJNA556249,swab_status,NEEDS_REVIEW,,,,4,"{""bothnegative"": 190, ""kppositive"": 31, ""vrepositive"": 20, ""bothpositive"": 7}",
PRJNA559803,Treatment_Group,NEEDS_REVIEW,,,,3,"{""emollient"": 118, ""no_emollient"": 114, ""extraction_control"": 14}",
PRJNA564612,host_group,NEEDS_REVIEW,,,,2,"{""active"": 64, ""sedentary"": 45}",
PRJNA589036,host_disease,CONFIRMED,84.0,82.0,166.0,2,"{""uninfected"": 84, ""infected"": 82}",
PRJNA591924,host_disease,CONFIRMED,47.0,43.0,90.0,2,"{""none"": 47, ""major depressive disorder (mdd)"": 43}",recovered only via none-as-control null exemption
PRJNA601994,health_state,CONFIRMED,316.0,524.0,840.0,2,"{""parkinsons"": 524, ""control"": 316}",
PRJNA604466,gastrointest_disord,NEEDS_REVIEW,,,,2,"{""normal"": 43, ""ibs"": 10}",
PRJNA610934,gastrointest_disord,NEEDS_REVIEW,,,,2,"{""none"": 32, ""ulcerative colitis"": 19}",
PRJNA610934,host_disease,CONFIRMED,21.0,30.0,51.0,4,"{""none"": 21, ""ulcerative colitis"": 12, ""primary sclerosing cholangitis"": 11, ""primary sclerosing cholangitis + ulcerative colitis"": 7}",recovered only via none-as-control null exemption
PRJNA610934,liver_disord,NEEDS_REVIEW,,,,2,"{""none"": 33, ""primary sclerosing cholangitis"": 18}",
PRJNA622267,host_disease,NEEDS_REVIEW,,,,3,"{""mtbc-mtb"": 40, ""mtbc-maf"": 38, ""healthy"": 10}",
PRJNA622517,status,NEEDS_REVIEW,,,,1,"{""healthy"": 76}",
PRJNA631262,case,CONFIRMED,55.0,27.0,82.0,2,"{""false"": 55, ""true"": 27}",
PRJNA639644,disease,CONFIRMED,61.0,166.0,227.0,4,"{""gastriccancer"": 83, ""health"": 61, ""gastritis"": 54, ""colorectal cancer"": 29}",
PRJNA641414,Case_Status,CONFIRMED,206.0,103.0,309.0,2,"{""0"": 206, ""1"": 103}",
PRJNA644520,Adenoma_detected_during_colonocsopy,NEEDS_REVIEW,,,,2,"{""adenoma negative"": 193, ""adenoma positive"": 55}",
PRJNA644520,Biofilm_status,NEEDS_REVIEW,,,,2,"{""biofilm positive"": 150, ""biofilm negative"": 112}",
PRJNA644520,Cohort,CONFIRMED,73.0,189.0,262.0,3,"{""ibs"": 120, ""control"": 73, ""uc"": 69}",
PRJNA644520,Colonic_biofilm_status,NEEDS_REVIEW,,,,2,"{""biofilm negative"": 136, ""biofilm positive"": 126}",
PRJNA644520,Disease_classification,NEEDS_REVIEW,,,,7,"{""control"": 73, ""ibs-m"": 70, ""e3"": 45, ""ibs-d"": 38, ""e2"": 18}",
PRJNA644520,Ileal_biofilm_status,NEEDS_REVIEW,,,,2,"{""biofilm negative"": 148, ""biofilm positive"": 114}",
PRJNA644520,gastrointest_disord,NEEDS_REVIEW,,,,2,"{""irritable bowel syndrome"": 120, ""ulcerative colitis"": 69}",
PRJNA645635,isolation_source,CONFIRMED,50.0,53.0,103.0,4,"{""eczema infant stool"": 27, ""eczema infant fed breast milk"": 26, ""healthy infant stool"": 25, ""healthy infant fed breast milk"": 25}",
PRJNA648321,host_disease,CONFIRMED,204.0,200.0,404.0,2,"{""healthy"": 204, ""cdi positive"": 200}",
PRJNA662100,diabetes_status,CONFIRMED,24.0,47.0,71.0,3,"{""normoglycemic"": 24, ""diabetic"": 24, ""prediabetic"": 23}",
PRJNA678221,group,NEEDS_REVIEW,,,,3,"{""ip1"": 278, ""ip3"": 262, ""ip2"": 262}",
PRJNA684584,host_disease,NEEDS_REVIEW,,,,2,"{""periodontitis positive"": 53, ""periodontitis negative"": 50}",
PRJNA685403,ARDS,CONFIRMED,71.0,62.0,133.0,2,"{""negative"": 71, ""positive"": 62}",
PRJNA685403,SIRS,NEEDS_REVIEW,,,,2,"{""positive"": 132, ""negative"": 1}",
PRJNA685403,Sepsis,NEEDS_REVIEW,,,,2,"{""positive"": 114, ""negative"": 19}",
PRJNA685403,Severe,NEEDS_REVIEW,,,,2,"{""positive"": 108, ""negative"": 25}",
PRJNA685403,Shock,NEEDS_REVIEW,,,,2,"{""positive"": 68, ""negative"": 65}",
PRJNA687633,Group,CONFIRMED,20.0,42.0,62.0,2,"{""rtt"": 42, ""control"": 20}",
PRJNA688751,blood_blood_disord,NEEDS_REVIEW,,,,10,"{""24.0"": 12, ""24.28"": 11, ""24.42"": 8, ""25.86"": 4, ""26.72"": 4}",
PRJNA688751,foetal_health_stat,NEEDS_REVIEW,,,,1,"{""yes"": 18}",
PRJNA688839,group,NEEDS_REVIEW,,,,2,"{""cci"": 81, ""healthy"": 10}",
PRJNA704289,allergic_or_nonallergic,CONFIRMED,26.0,67.0,93.0,2,"{""allergic"": 67, ""non-allergic"": 26}",
PRJNA715072,NEC,CONFIRMED,477.0,34.0,511.0,2,"{""0"": 477, ""1"": 34}",
PRJNA715072,is_healthy,NEEDS_REVIEW,,,,1,"{""yes"": 59}",
PRJNA720101,host_disease,CONFIRMED,41.0,60.0,101.0,4,"{""ac-cd"": 31, ""hc"": 30, ""re-cd"": 29, ""nc"": 11}",
PRJNA721421,host_disease,NEEDS_REVIEW,,,,4,"{""2relapsingremittingms"": 333, ""3secondaryprogressivems"": 62, ""1healthycontrol"": 45, ""4primaryprogressivems"": 15}",
PRJNA721421,host_phenotype,NEEDS_CHECK,,,,15,"{""2"": 61, ""2.5"": 61, ""1.5"": 56, ""1"": 56, ""0"": 53}",EDSS disability scale; every participant has MS; no control arm -- LABEL_AUDIT.md 5.4
PRJNA729511,description,NEEDS_REVIEW,,,,3,"{""diarrheal_control"": 1516, ""case"": 1516, ""nondiarrheal_control"": 909}",
PRJNA729511,group,CONFIRMED,909.0,1516.0,3941.0,3,"{""diarrheal_control"": 1516, ""case"": 1516, ""nondiarrheal_control"": 909}",
PRJNA736821,Group,CONFIRMED,40.0,39.0,79.0,2,"{""health"": 40, ""case"": 39}",
PRJNA750272,gastrointest_disord,NEEDS_REVIEW,,,,1,"{""uclerative_colitis"": 80}",
PRJNA760529,gastrointest_disord,CONFIRMED,70.0,98.0,168.0,2,"{""fgid"": 98, ""non_fgid"": 70}",
PRJNA762104,group,NEEDS_REVIEW,,,,2,"{""probiotics"": 46, ""placebo"": 39}",
